instanceType,instanceFamily,instanceFamilyName,location,currentGeneration,hypervisor,processorArchitectures,processorManufacturer,processor,vCpus,memorySizeInGiB,storage,nitroEnclavesSupport,onDemandLinuxHr,onDemandRhelHr,onDemandWindowsHr,reserved3yNoUpfrontLinuxHr,reserved3yNoUpfrontRhelHr,reserved3yNoUpfrontWindowsHr
t2.nano,t,General purpose,ap-northeast-2,1.0,xen,"i386, x86_64",Intel,Intel Xeon Family,1.0,0.5,EBS only,unsupported,0.0072,,0.0095,0.0032,,0.0055
t2.micro,t,General purpose,ap-northeast-2,1.0,xen,"i386, x86_64",Intel,Intel Xeon Family,1.0,1.0,EBS only,unsupported,0.0144,0.0288,0.019,0.0063,0.0207,0.0109
c6g.medium,c,Compute optimized,ap-northeast-2,1.0,nitro,arm64,AWS,AWS Graviton2 Processor,1.0,2.0,EBS only,unsupported,0.0385,0.0529,,0.0167,0.0311,
c6gd.medium,c,Compute optimized,ap-northeast-2,1.0,nitro,arm64,AWS,AWS Graviton2 Processor,1.0,2.0,1 x 59 NVMe SSD,unsupported,0.044,0.0584,,0.019,0.0334,
c6gn.medium,c,Compute optimized,ap-northeast-2,1.0,nitro,arm64,AWS,AWS Graviton2 Processor,1.0,2.0,EBS only,unsupported,0.0488,0.0631,,0.0246,0.039,
c7g.medium,c,Compute optimized,ap-northeast-2,1.0,nitro,arm64,AWS,AWS Graviton3 Processor,1.0,2.0,EBS only,unsupported,0.0408,0.0552,,0.0185,0.0329,
t2.small,t,General purpose,ap-northeast-2,1.0,xen,"i386, x86_64",Intel,Intel Xeon Family,1.0,2.0,EBS only,unsupported,0.0288,0.0432,0.038,0.0126,0.027,0.0218
m3.medium,m3,General purpose,ap-northeast-2,0.0,xen,x86_64,Intel,Intel Xeon E5-2670 v2 (Ivy Bridge/Sandy Bridge),1.0,3.75,1 x 4 SSD,unsupported,0.091,0.151,0.137,,,
m6g.medium,m6g,General purpose,ap-northeast-2,1.0,nitro,arm64,AWS,AWS Graviton2 Processor,1.0,4.0,EBS only,unsupported,0.047,0.0614,,0.0205,0.0349,
m6gd.medium,m6gd,General purpose,ap-northeast-2,1.0,nitro,arm64,AWS,AWS Graviton2 Processor,1.0,4.0,1 x 59 NVMe SSD,unsupported,0.0556,0.07,,0.024,0.0384,
m7g.medium,m7g,General purpose,ap-northeast-2,1.0,nitro,arm64,AWS,AWS Graviton3 Processor,1.0,4.0,EBS only,unsupported,0.0502,0.0646,,0.0227,0.0371,
r6g.medium,r6g,Memory optimized,ap-northeast-2,1.0,nitro,arm64,AWS,AWS Graviton2 Processor,1.0,8.0,EBS only,unsupported,0.061,0.0754,,0.0265,0.0409,
r6gd.medium,r6gd,Memory optimized,ap-northeast-2,1.0,nitro,arm64,AWS,AWS Graviton2 Processor,1.0,8.0,1 x 59 NVMe SSD,unsupported,0.0692,0.0836,,0.0299,0.0443,
r7g.medium,r7g,Memory optimized,ap-northeast-2,1.0,nitro,arm64,AWS,AWS Graviton3 Processor,1.0,8.0,EBS only,unsupported,0.0646,0.079,,0.0294,0.0438,
t3.nano,t,General purpose,ap-northeast-2,1.0,nitro,x86_64,Intel,Intel Skylake E5 2686 v5,2.0,0.5,EBS only,unsupported,0.0065,,0.0111,0.0028,,0.0074
t3a.nano,t,General purpose,ap-northeast-2,1.0,nitro,x86_64,AMD,AMD EPYC 7571,2.0,0.5,EBS only,unsupported,0.0059,,0.0105,0.0025,,0.0071
t4g.nano,t,General purpose,ap-northeast-2,1.0,nitro,arm64,AWS,AWS Graviton2 Processor,2.0,0.5,EBS only,unsupported,0.0052,,,0.0022,,
t3.micro,t,General purpose,ap-northeast-2,1.0,nitro,x86_64,Intel,Intel Skylake E5 2686 v5,2.0,1.0,EBS only,unsupported,0.013,0.0418,0.0222,0.0056,0.0344,0.0148
t3a.micro,t,General purpose,ap-northeast-2,1.0,nitro,x86_64,AMD,AMD EPYC 7571,2.0,1.0,EBS only,unsupported,0.0117,0.0405,0.0209,0.0051,0.0339,0.0143
t4g.micro,t,General purpose,ap-northeast-2,1.0,nitro,arm64,AWS,AWS Graviton2 Processor,2.0,1.0,EBS only,unsupported,0.0104,0.0392,,0.0045,0.0333,
t3.small,t,General purpose,ap-northeast-2,1.0,nitro,x86_64,Intel,Intel Skylake E5 2686 v5,2.0,2.0,EBS only,unsupported,0.026,0.0548,0.0444,0.0112,0.04,0.0296
t3a.small,t,General purpose,ap-northeast-2,1.0,nitro,x86_64,AMD,AMD EPYC 7571,2.0,2.0,EBS only,unsupported,0.0234,0.0522,0.0418,0.0101,0.0389,0.0285
t4g.small,t,General purpose,ap-northeast-2,1.0,nitro,arm64,AWS,AWS Graviton2 Processor,2.0,2.0,EBS only,unsupported,0.0208,0.0496,,0.009,0.0378,
c3.large,c,Compute optimized,ap-northeast-2,0.0,xen,"i386, x86_64",Intel,Intel Xeon E5-2680 v2 (Ivy Bridge),2.0,3.75,2 x 16 SSD,unsupported,0.115,0.175,0.207,,,
c4.large,c,Compute optimized,ap-northeast-2,0.0,xen,x86_64,Intel,Intel Xeon E5-2666 v3 (Haswell),2.0,3.75,EBS only,unsupported,0.114,0.143,0.206,0.059,0.088,0.151
c5.large,c,Compute optimized,ap-northeast-2,1.0,nitro,x86_64,Intel,Intel Xeon Platinum 8124M,2.0,4.0,EBS only,unsupported,0.096,0.125,0.188,0.041,0.07,0.133
c5a.large,c,Compute optimized,ap-northeast-2,1.0,nitro,x86_64,AMD,AMD EPYC 7R32,2.0,4.0,EBS only,unsupported,0.086,0.115,0.178,0.037,0.066,0.129
c5d.large,c,Compute optimized,ap-northeast-2,1.0,nitro,x86_64,Intel,Intel Xeon Platinum 8124M,2.0,4.0,1 x 50 NVMe SSD,unsupported,0.11,0.139,0.202,0.048,0.076,0.14
c6g.large,c,Compute optimized,ap-northeast-2,1.0,nitro,arm64,AWS,AWS Graviton2 Processor,2.0,4.0,EBS only,supported,0.077,0.1058,,0.0335,0.0623,
c6gd.large,c,Compute optimized,ap-northeast-2,1.0,nitro,arm64,AWS,AWS Graviton2 Processor,2.0,4.0,1 x 118 NVMe SSD,supported,0.088,0.1168,,0.038,0.0668,
c6gn.large,c,Compute optimized,ap-northeast-2,1.0,nitro,arm64,AWS,AWS Graviton2 Processor,2.0,4.0,EBS only,supported,0.0975,0.1263,,0.0491,0.0779,
c6i.large,c,Compute optimized,ap-northeast-2,1.0,nitro,x86_64,Intel,Intel Xeon 8375C (Ice Lake),2.0,4.0,EBS only,unsupported,0.096,0.1248,0.188,0.0436,0.0724,0.1356
c6id.large,c,Compute optimized,ap-northeast-2,1.0,nitro,x86_64,Intel,Intel Xeon 8375C (Ice Lake),2.0,4.0,1 x 118 NVMe SSD,unsupported,0.1155,0.1443,0.2075,0.0499,0.0787,0.1419
c6in.large,c,Compute optimized,ap-northeast-2,1.0,nitro,x86_64,Intel,Intel Xeon 8375C (Ice Lake),2.0,4.0,EBS only,unsupported,0.1281,0.1569,0.2201,0.0541,0.0829,0.1461
c7g.large,c,Compute optimized,ap-northeast-2,1.0,nitro,arm64,AWS,AWS Graviton3 Processor,2.0,4.0,EBS only,supported,0.0816,0.1104,,0.0371,0.0659,
c7i-flex.large,c,Compute optimized,ap-northeast-2,1.0,nitro,x86_64,Intel,Intel Xeon Scalable (Sapphire Rapids),2.0,4.0,EBS only,unsupported,0.0958,0.1246,0.1832,0.0435,0.0723,0.1309
c7i.large,c,Compute optimized,ap-northeast-2,1.0,nitro,x86_64,Intel,Intel Xeon Scalable (Sapphire Rapids),2.0,4.0,EBS only,unsupported,0.1008,0.1296,0.1928,0.0458,0.0746,0.1378
t2.medium,t,General purpose,ap-northeast-2,1.0,xen,"i386, x86_64",Intel,Intel Xeon Family,2.0,4.0,EBS only,unsupported,0.0576,0.0864,0.0756,0.0253,0.0541,0.0433
t3.medium,t,General purpose,ap-northeast-2,1.0,nitro,x86_64,Intel,Intel Skylake E5 2686 v5,2.0,4.0,EBS only,unsupported,0.052,0.0808,0.0704,0.0225,0.0513,0.0409
t3a.medium,t,General purpose,ap-northeast-2,1.0,nitro,x86_64,AMD,AMD EPYC 7571,2.0,4.0,EBS only,unsupported,0.0468,0.0756,0.0652,0.0202,0.049,0.0386
t4g.medium,t,General purpose,ap-northeast-2,1.0,nitro,arm64,AWS,AWS Graviton2 Processor,2.0,4.0,EBS only,unsupported,0.0416,0.0704,,0.018,0.0468,
c5n.large,c,Compute optimized,ap-northeast-2,1.0,nitro,x86_64,Intel,Intel Xeon Platinum 8124M,2.0,5.25,EBS only,unsupported,0.122,0.151,0.214,0.052,0.08,0.144
m3.large,m3,General purpose,ap-northeast-2,0.0,xen,x86_64,Intel,Intel Xeon E5-2670 v2 (Ivy Bridge/Sandy Bridge),2.0,7.5,1 x 32 SSD,unsupported,0.183,0.243,0.275,,,
m4.large,m4,General purpose,ap-northeast-2,0.0,xen,x86_64,Intel,Intel Xeon E5-2676 v3 (Haswell),2.0,8.0,EBS only,unsupported,0.123,0.1518,0.215,0.054,0.0828,0.146
m5.large,m5,General purpose,ap-northeast-2,1.0,nitro,x86_64,Intel,Intel Xeon Platinum 8175,2.0,8.0,EBS only,unsupported,0.118,0.147,0.21,0.051,0.08,0.143
m5a.large,m5a,General purpose,ap-northeast-2,1.0,nitro,x86_64,AMD,AMD EPYC 7571,2.0,8.0,EBS only,unsupported,0.106,0.135,0.198,0.046,0.075,0.138
m5ad.large,m5ad,General purpose,ap-northeast-2,1.0,nitro,x86_64,AMD,AMD EPYC 7571,2.0,8.0,1 x 75 NVMe SSD,unsupported,0.127,0.156,0.219,0.055,0.084,0.147
m5d.large,m5d,General purpose,ap-northeast-2,1.0,nitro,x86_64,Intel,Intel Xeon Platinum 8175,2.0,8.0,1 x 75 NVMe SSD,unsupported,0.139,0.168,0.231,0.06,0.089,0.152
m5zn.large,m5zn,General purpose,ap-northeast-2,1.0,nitro,x86_64,Intel,Intel Xeon Platinum 8252,2.0,8.0,EBS only,unsupported,0.203,0.2318,0.295,0.088,0.1168,0.18
m6g.large,m6g,General purpose,ap-northeast-2,1.0,nitro,arm64,AWS,AWS Graviton2 Processor,2.0,8.0,EBS only,supported,0.094,0.1228,,0.041,0.0698,
m6gd.large,m6gd,General purpose,ap-northeast-2,1.0,nitro,arm64,AWS,AWS Graviton2 Processor,2.0,8.0,1 x 118 NVMe SSD,supported,0.1112,0.14,,0.048,0.0768,
m6i.large,m6i,General purpose,ap-northeast-2,1.0,nitro,x86_64,Intel,Intel Xeon 8375C (Ice Lake),2.0,8.0,EBS only,unsupported,0.118,0.1468,0.21,0.0533,0.0821,0.1453
m6id.large,m6id,General purpose,ap-northeast-2,1.0,nitro,x86_64,Intel,Intel Xeon 8375C (Ice Lake),2.0,8.0,1 x 118 NVMe SSD,unsupported,0.1459,0.1747,0.2379,0.063,0.0919,0.155
m7g.large,m7g,General purpose,ap-northeast-2,1.0,nitro,arm64,AWS,AWS Graviton3 Processor,2.0,8.0,EBS only,supported,0.1003,0.1291,,0.0453,0.0741,
m7i-flex.large,m7i-flex,General purpose,ap-northeast-2,1.0,nitro,x86_64,Intel,Intel Xeon Scalable (Sapphire Rapids),2.0,8.0,EBS only,unsupported,0.1177,0.1465,0.2051,0.0532,0.082,0.1406
m7i.large,m7i,General purpose,ap-northeast-2,1.0,nitro,x86_64,Intel,Intel Xeon Scalable (Sapphire Rapids),2.0,8.0,EBS only,unsupported,0.1239,0.1527,0.2159,0.056,0.0848,0.148
t2.large,t,General purpose,ap-northeast-2,1.0,xen,x86_64,Intel,Intel Xeon Family,2.0,8.0,EBS only,unsupported,0.1152,0.144,0.1432,0.0506,0.0794,0.0786
t3.large,t,General purpose,ap-northeast-2,1.0,nitro,x86_64,Intel,Intel Skylake E5 2686 v5,2.0,8.0,EBS only,unsupported,0.104,0.1328,0.1316,0.0449,0.0737,0.0725
t3a.large,t,General purpose,ap-northeast-2,1.0,nitro,x86_64,AMD,AMD EPYC 7571,2.0,8.0,EBS only,unsupported,0.0936,0.1224,0.1212,0.0404,0.0692,0.068
t4g.large,t,General purpose,ap-northeast-2,1.0,nitro,arm64,AWS,AWS Graviton2 Processor,2.0,8.0,EBS only,unsupported,0.0832,0.112,,0.0359,0.0647,
r3.large,r3,Memory optimized,ap-northeast-2,0.0,xen,x86_64,Intel,Intel Xeon E5-2670 v2 (Ivy Bridge),2.0,15.0,1 x 32 SSD,unsupported,0.2,0.229,0.292,,,
i3.large,i3,Storage optimized,ap-northeast-2,1.0,xen,x86_64,Intel,Intel Xeon E5-2686 v4 (Broadwell),2.0,15.25,1 x 475 NVMe SSD,unsupported,0.183,0.212,0.275,0.089,0.117,0.181
r4.large,r4,Memory optimized,ap-northeast-2,0.0,xen,x86_64,Intel,Intel Xeon E5-2686 v4 (Broadwell),2.0,15.25,EBS only,unsupported,0.16,0.1888,0.252,0.0691,0.0979,0.1611
i3en.large,i3en,Storage optimized,ap-northeast-2,1.0,nitro,x86_64,Intel,Intel Xeon Platinum 8175,2.0,16.0,1 x 1250 NVMe SSD,unsupported,0.266,0.295,0.358,0.116,0.144,0.208
i4i.large,i4i,Storage optimized,ap-northeast-2,1.0,nitro,x86_64,Intel,Intel Xeon 8375C (Ice Lake),2.0,16.0,1 x 468 NVMe SSD,unsupported,0.201,0.23,0.293,0.093,0.122,0.185
r5.large,r5,Memory optimized,ap-northeast-2,1.0,nitro,x86_64,Intel,Intel Xeon Platinum 8175,2.0,16.0,EBS only,unsupported,0.152,0.181,0.244,0.066,0.094,0.158
r5a.large,r5a,Memory optimized,ap-northeast-2,1.0,nitro,x86_64,AMD,AMD EPYC 7571,2.0,16.0,EBS only,unsupported,0.136,0.165,0.228,0.059,0.088,0.151
r5ad.large,r5ad,Memory optimized,ap-northeast-2,1.0,nitro,x86_64,AMD,AMD EPYC 7571,2.0,16.0,1 x 75 NVMe SSD,unsupported,0.158,0.187,0.25,0.068,0.097,0.16
r5b.large,r5b,Memory optimized,ap-northeast-2,1.0,nitro,x86_64,Intel,Intel Xeon Platinum 8259 (Cascade Lake),2.0,16.0,EBS only,unsupported,0.178,0.2068,0.27,0.0738,0.1026,0.1658
r5d.large,r5d,Memory optimized,ap-northeast-2,1.0,nitro,x86_64,Intel,Intel Xeon Platinum 8175,2.0,16.0,1 x 75 NVMe SSD,unsupported,0.173,0.202,0.265,0.075,0.104,0.167
r5dn.large,r5dn,Memory optimized,ap-northeast-2,1.0,nitro,x86_64,Intel,Intel Xeon Platinum 8259 (Cascade Lake),2.0,16.0,1 x 75 NVMe SSD,unsupported,0.199,0.2278,0.291,0.083,0.1118,0.175
r5n.large,r5n,Memory optimized,ap-northeast-2,1.0,nitro,x86_64,Intel,Intel Xeon Platinum 8259 (Cascade Lake),2.0,16.0,EBS only,unsupported,0.178,0.207,0.27,0.074,0.103,0.166
r6g.large,r6g,Memory optimized,ap-northeast-2,1.0,nitro,arm64,AWS,AWS Graviton2 Processor,2.0,16.0,EBS only,supported,0.122,0.1508,,0.0529,0.0817,
r6gd.large,r6gd,Memory optimized,ap-northeast-2,1.0,nitro,arm64,AWS,AWS Graviton2 Processor,2.0,16.0,1 x 118 NVMe SSD,supported,0.1384,0.1672,,0.0598,0.0886,
r6i.large,r6i,Memory optimized,ap-northeast-2,1.0,nitro,x86_64,Intel,Intel Xeon 8375C (Ice Lake),2.0,16.0,EBS only,unsupported,0.152,0.1808,0.244,0.0692,0.098,0.1612
r6id.large,r6id,Memory optimized,ap-northeast-2,1.0,nitro,x86_64,Intel,Intel Xeon 8375C (Ice Lake),2.0,16.0,1 x 118 NVMe SSD,unsupported,0.1817,0.2105,0.2737,0.0785,0.1073,0.1705
r7g.large,r7g,Memory optimized,ap-northeast-2,1.0,nitro,arm64,AWS,AWS Graviton3 Processor,2.0,16.0,EBS only,supported,0.1292,0.158,,0.0588,0.0876,
r7i.large,r7i,Memory optimized,ap-northeast-2,1.0,nitro,x86_64,Intel,Intel Xeon Scalable (Sapphire Rapids),2.0,16.0,EBS only,unsupported,0.1596,0.1884,0.2516,0.0726,0.1014,0.1646
z1d.large,z1d,Memory optimized,ap-northeast-2,1.0,nitro,x86_64,Intel,Intel Xeon Platinum 8151,2.0,16.0,1 x 75 NVMe SSD,unsupported,0.225,0.254,0.317,0.094,0.122,0.186
c3.xlarge,c,Compute optimized,ap-northeast-2,0.0,xen,x86_64,Intel,Intel Xeon E5-2680 v2 (Ivy Bridge),4.0,7.5,2 x 40 SSD,unsupported,0.23,0.29,0.414,,,
c4.xlarge,c,Compute optimized,ap-northeast-2,0.0,xen,x86_64,Intel,Intel Xeon E5-2666 v3 (Haswell),4.0,7.5,EBS only,unsupported,0.227,0.286,0.411,0.119,0.176,0.303
c5.xlarge,c,Compute optimized,ap-northeast-2,1.0,nitro,x86_64,Intel,Intel Xeon Platinum 8124M,4.0,8.0,EBS only,supported,0.192,0.25,0.376,0.083,0.141,0.267
c5a.xlarge,c,Compute optimized,ap-northeast-2,1.0,nitro,x86_64,AMD,AMD EPYC 7R32,4.0,8.0,EBS only,supported,0.172,0.23,0.356,0.074,0.132,0.258
c5d.xlarge,c,Compute optimized,ap-northeast-2,1.0,nitro,x86_64,Intel,Intel Xeon Platinum 8124M,4.0,8.0,1 x 100 NVMe SSD,supported,0.22,0.278,0.404,0.095,0.153,0.279
c6g.xlarge,c,Compute optimized,ap-northeast-2,1.0,nitro,arm64,AWS,AWS Graviton2 Processor,4.0,8.0,EBS only,supported,0.154,0.2116,,0.067,0.1246,
c6gd.xlarge,c,Compute optimized,ap-northeast-2,1.0,nitro,arm64,AWS,AWS Graviton2 Processor,4.0,8.0,1 x 237 NVMe SSD,supported,0.176,0.2336,,0.076,0.1336,
c6gn.xlarge,c,Compute optimized,ap-northeast-2,1.0,nitro,arm64,AWS,AWS Graviton2 Processor,4.0,8.0,EBS only,supported,0.195,0.2526,,0.0983,0.1559,
c6i.xlarge,c,Compute optimized,ap-northeast-2,1.0,nitro,x86_64,Intel,Intel Xeon 8375C (Ice Lake),4.0,8.0,EBS only,supported,0.192,0.2496,0.376,0.0873,0.1449,0.2713
c6id.xlarge,c,Compute optimized,ap-northeast-2,1.0,nitro,x86_64,Intel,Intel Xeon 8375C (Ice Lake),4.0,8.0,1 x 237 NVMe SSD,supported,0.231,0.2886,0.415,0.0998,0.1574,0.2838
c6in.xlarge,c,Compute optimized,ap-northeast-2,1.0,nitro,x86_64,Intel,Intel Xeon 8375C (Ice Lake),4.0,8.0,EBS only,supported,0.2562,0.3138,0.4402,0.1082,0.1658,0.2922
c7g.xlarge,c,Compute optimized,ap-northeast-2,1.0,nitro,arm64,AWS,AWS Graviton3 Processor,4.0,8.0,EBS only,supported,0.1632,0.2208,,0.0742,0.1318,
c7i-flex.xlarge,c,Compute optimized,ap-northeast-2,1.0,nitro,x86_64,Intel,Intel Xeon Scalable (Sapphire Rapids),4.0,8.0,EBS only,unsupported,0.1915,0.2491,0.3663,0.0871,0.1447,0.2619
c7i.xlarge,c,Compute optimized,ap-northeast-2,1.0,nitro,x86_64,Intel,Intel Xeon Scalable (Sapphire Rapids),4.0,8.0,EBS only,supported,0.2016,0.2592,0.3856,0.0916,0.1492,0.2756
g5g.xlarge,g5g,GPU instance,ap-northeast-2,1.0,nitro,arm64,AWS,AWS Graviton2 Processor,4.0,8.0,EBS only,unsupported,0.5166,0.5742,,0.2229,0.2805,
inf1.xlarge,inf1,Machine Learning ASIC Instances,ap-northeast-2,1.0,nitro,x86_64,Intel,Intel Xeon Platinum 8275CL (Cascade Lake),4.0,8.0,EBS only,supported,0.281,0.338,,0.135,0.193,
c5n.xlarge,c,Compute optimized,ap-northeast-2,1.0,nitro,x86_64,Intel,Intel Xeon Platinum 8124M,4.0,10.5,EBS only,supported,0.244,0.302,0.428,0.103,0.161,0.287
m3.xlarge,m3,General purpose,ap-northeast-2,0.0,xen,x86_64,Intel,Intel Xeon E5-2670 v2 (Ivy Bridge/Sandy Bridge),4.0,15.0,2 x 40 SSD,unsupported,0.366,0.426,0.55,,,
g4dn.xlarge,g4dn,GPU instance,ap-northeast-2,1.0,nitro,x86_64,Intel,Intel Xeon Family,4.0,16.0,125 GB NVMe SSD,supported,0.647,0.705,0.831,0.28,0.337,0.464
g5.xlarge,g5,GPU instance,ap-northeast-2,1.0,nitro,x86_64,AMD,AMD EPYC 7R32,4.0,16.0,1 x 250 GB NVMe SSD,supported,1.237,1.2946,1.421,0.5344,0.592,0.7184
g6.xlarge,g6,GPU instance,ap-northeast-2,1.0,nitro,x86_64,AMD,AMD EPYC 7R13 Processor,4.0,16.0,1 x 250 GB NVMe SSD,supported,0.9896,1.0472,1.1736,0.4542,0.5118,0.6382
inf2.xlarge,inf2,Machine Learning ASIC Instances,ap-northeast-2,1.0,nitro,x86_64,AMD,AMD EPYC 7R13 Processor,4.0,16.0,EBS only,supported,0.9098,0.9674,,,,
m4.xlarge,m4,General purpose,ap-northeast-2,0.0,xen,x86_64,Intel,Intel Xeon E5-2676 v3 (Haswell),4.0,16.0,EBS only,unsupported,0.246,0.3036,0.43,0.108,0.1656,0.292
m5.xlarge,m5,General purpose,ap-northeast-2,1.0,nitro,x86_64,Intel,Intel Xeon Platinum 8175,4.0,16.0,EBS only,supported,0.236,0.294,0.42,0.102,0.16,0.286
m5a.xlarge,m5a,General purpose,ap-northeast-2,1.0,nitro,x86_64,AMD,AMD EPYC 7571,4.0,16.0,EBS only,supported,0.212,0.27,0.396,0.092,0.149,0.276
m5ad.xlarge,m5ad,General purpose,ap-northeast-2,1.0,nitro,x86_64,AMD,AMD EPYC 7571,4.0,16.0,1 x 150 NVMe SSD,supported,0.254,0.312,0.438,0.11,0.167,0.294
m5d.xlarge,m5d,General purpose,ap-northeast-2,1.0,nitro,x86_64,Intel,Intel Xeon Platinum 8175,4.0,16.0,1 x 150 NVMe SSD,supported,0.278,0.336,0.462,0.12,0.178,0.304
m5zn.xlarge,m5zn,General purpose,ap-northeast-2,1.0,nitro,x86_64,Intel,Intel Xeon Platinum 8252,4.0,16.0,EBS only,supported,0.406,0.4636,0.59,0.176,0.2336,0.36
m6g.xlarge,m6g,General purpose,ap-northeast-2,1.0,nitro,arm64,AWS,AWS Graviton2 Processor,4.0,16.0,EBS only,supported,0.188,0.2456,,0.0821,0.1397,
m6gd.xlarge,m6gd,General purpose,ap-northeast-2,1.0,nitro,arm64,AWS,AWS Graviton2 Processor,4.0,16.0,1 x 237 NVMe SSD,supported,0.2224,0.28,,0.0961,0.1537,
m6i.xlarge,m6i,General purpose,ap-northeast-2,1.0,nitro,x86_64,Intel,Intel Xeon 8375C (Ice Lake),4.0,16.0,EBS only,supported,0.236,0.2936,0.42,0.1066,0.1642,0.2906
m6id.xlarge,m6id,General purpose,ap-northeast-2,1.0,nitro,x86_64,Intel,Intel Xeon 8375C (Ice Lake),4.0,16.0,1 x 237 NVMe SSD,supported,0.2919,0.3495,0.4759,0.1261,0.1837,0.3101
m7g.xlarge,m7g,General purpose,ap-northeast-2,1.0,nitro,arm64,AWS,AWS Graviton3 Processor,4.0,16.0,EBS only,supported,0.2006,0.2582,,0.0906,0.1482,
m7i-flex.xlarge,m7i-flex,General purpose,ap-northeast-2,1.0,nitro,x86_64,Intel,Intel Xeon Scalable (Sapphire Rapids),4.0,16.0,EBS only,unsupported,0.2354,0.293,0.4102,0.1063,0.1639,0.2811
m7i.xlarge,m7i,General purpose,ap-northeast-2,1.0,nitro,x86_64,Intel,Intel Xeon Scalable (Sapphire Rapids),4.0,16.0,EBS only,supported,0.2478,0.3054,0.4318,0.1119,0.1695,0.2959
t2.xlarge,t,General purpose,ap-northeast-2,1.0,xen,x86_64,Intel,Intel Xeon Family,4.0,16.0,EBS only,unsupported,0.2304,0.288,0.2714,0.1012,0.1588,0.1422
t3.xlarge,t,General purpose,ap-northeast-2,1.0,nitro,x86_64,Intel,Intel Skylake E5 2686 v5,4.0,16.0,EBS only,unsupported,0.208,0.2656,0.2816,0.0899,0.1475,0.1635
t3a.xlarge,t,General purpose,ap-northeast-2,1.0,nitro,x86_64,AMD,AMD EPYC 7571,4.0,16.0,EBS only,unsupported,0.1872,0.2448,0.2608,0.0809,0.1385,0.1545
t4g.xlarge,t,General purpose,ap-northeast-2,1.0,nitro,arm64,AWS,AWS Graviton2 Processor,4.0,16.0,EBS only,unsupported,0.1664,0.224,,0.0718,0.1294,
d2.xlarge,d2,Storage optimized,ap-northeast-2,0.0,xen,x86_64,Intel,Intel Xeon E5-2676 v3 (Haswell),4.0,30.5,3 x 2000 HDD,unsupported,0.844,0.902,1.028,,,
i2.xlarge,i2,Storage optimized,ap-northeast-2,0.0,xen,x86_64,Intel,Intel Xeon E5-2670 v2 (Ivy Bridge),4.0,30.5,1 x 800 SSD,unsupported,1.001,1.059,1.185,,,
i3.xlarge,i3,Storage optimized,ap-northeast-2,1.0,xen,x86_64,Intel,Intel Xeon E5-2686 v4 (Broadwell),4.0,30.5,1 x 950 NVMe SSD,unsupported,0.366,0.424,0.55,0.177,0.235,0.361
r3.xlarge,r3,Memory optimized,ap-northeast-2,0.0,xen,x86_64,Intel,Intel Xeon E5-2670 v2 (Ivy Bridge),4.0,30.5,1 x 80 SSD,unsupported,0.399,0.458,0.583,,,
r4.xlarge,r4,Memory optimized,ap-northeast-2,0.0,xen,x86_64,Intel,Intel Xeon E5-2686 v4 (Broadwell),4.0,30.5,EBS only,unsupported,0.32,0.3776,0.504,0.1382,0.1958,0.3222
g6e.xlarge,g6e,GPU instance,ap-northeast-2,1.0,nitro,x86_64,AMD,AMD EPYC 7R13 Processor,4.0,32.0,1 x 250 GB NVMe SSD,supported,2.288,2.3456,2.472,0.9884,1.046,1.1724
i3en.xlarge,i3en,Storage optimized,ap-northeast-2,1.0,nitro,x86_64,Intel,Intel Xeon Platinum 8175,4.0,32.0,1 x 2500 NVMe SSD,supported,0.532,0.59,0.716,0.231,0.289,0.415
i4i.xlarge,i4i,Storage optimized,ap-northeast-2,1.0,nitro,x86_64,Intel,Intel Xeon 8375C (Ice Lake),4.0,32.0,1 x 937 NVMe SSD,supported,0.403,0.46,0.587,0.186,0.244,0.37
r5.xlarge,r5,Memory optimized,ap-northeast-2,1.0,nitro,x86_64,Intel,Intel Xeon Platinum 8175,4.0,32.0,EBS only,supported,0.304,0.362,0.488,0.131,0.189,0.315
r5a.xlarge,r5a,Memory optimized,ap-northeast-2,1.0,nitro,x86_64,AMD,AMD EPYC 7571,4.0,32.0,EBS only,supported,0.272,0.33,0.456,0.118,0.175,0.302
r5ad.xlarge,r5ad,Memory optimized,ap-northeast-2,1.0,nitro,x86_64,AMD,AMD EPYC 7571,4.0,32.0,1 x 150 NVMe SSD,supported,0.316,0.374,0.5,0.137,0.194,0.321
r5b.xlarge,r5b,Memory optimized,ap-northeast-2,1.0,nitro,x86_64,Intel,Intel Xeon Platinum 8259 (Cascade Lake),4.0,32.0,EBS only,supported,0.356,0.4136,0.54,0.1476,0.2052,0.3316
r5d.xlarge,r5d,Memory optimized,ap-northeast-2,1.0,nitro,x86_64,Intel,Intel Xeon Platinum 8175,4.0,32.0,1 x 150 NVMe SSD,supported,0.346,0.404,0.53,0.149,0.207,0.333
r5dn.xlarge,r5dn,Memory optimized,ap-northeast-2,1.0,nitro,x86_64,Intel,Intel Xeon Platinum 8259 (Cascade Lake),4.0,32.0,1 x 150 NVMe SSD,supported,0.398,0.4556,0.582,0.1659,0.2235,0.3499
r5n.xlarge,r5n,Memory optimized,ap-northeast-2,1.0,nitro,x86_64,Intel,Intel Xeon Platinum 8259 (Cascade Lake),4.0,32.0,EBS only,supported,0.356,0.414,0.54,0.148,0.205,0.332
r6g.xlarge,r6g,Memory optimized,ap-northeast-2,1.0,nitro,arm64,AWS,AWS Graviton2 Processor,4.0,32.0,EBS only,supported,0.244,0.3016,,0.1058,0.1634,
r6gd.xlarge,r6gd,Memory optimized,ap-northeast-2,1.0,nitro,arm64,AWS,AWS Graviton2 Processor,4.0,32.0,1 x 237 NVMe SSD,supported,0.2768,0.3344,,0.1196,0.1772,
r6i.xlarge,r6i,Memory optimized,ap-northeast-2,1.0,nitro,x86_64,Intel,Intel Xeon 8375C (Ice Lake),4.0,32.0,EBS only,supported,0.304,0.3616,0.488,0.1384,0.196,0.3224
r6id.xlarge,r6id,Memory optimized,ap-northeast-2,1.0,nitro,x86_64,Intel,Intel Xeon 8375C (Ice Lake),4.0,32.0,1 x 237 NVMe SSD,supported,0.3634,0.421,0.5474,0.157,0.2146,0.341
r7g.xlarge,r7g,Memory optimized,ap-northeast-2,1.0,nitro,arm64,AWS,AWS Graviton3 Processor,4.0,32.0,EBS only,supported,0.2584,0.316,,0.1176,0.1752,
r7i.xlarge,r7i,Memory optimized,ap-northeast-2,1.0,nitro,x86_64,Intel,Intel Xeon Scalable (Sapphire Rapids),4.0,32.0,EBS only,supported,0.3192,0.3768,0.5032,0.1453,0.2029,0.3293
z1d.xlarge,z1d,Memory optimized,ap-northeast-2,1.0,nitro,x86_64,Intel,Intel Xeon Platinum 8151,4.0,32.0,1 x 150 NVMe SSD,supported,0.45,0.508,0.634,0.187,0.245,0.371
x1e.xlarge,x1e,Memory optimized,ap-northeast-2,1.0,xen,x86_64,Intel,High Frequency Intel Xeon E7-8880 v3 (Haswell),4.0,122.0,1 x 120 SSD,unsupported,1.209,1.267,1.393,0.389,0.446,0.573
x2iedn.xlarge,x2iedn,Memory optimized,ap-northeast-2,1.0,nitro,x86_64,Intel,Intel Xeon Scalable (Icelake),4.0,128.0,1 x 118 NVMe SSD,supported,1.2088,1.2664,1.3928,0.3877,0.4453,0.5717
c3.2xlarge,c,Compute optimized,ap-northeast-2,0.0,xen,x86_64,Intel,Intel Xeon E5-2680 v2 (Ivy Bridge),8.0,15.0,2 x 80 SSD,unsupported,0.46,0.59,0.828,,,
c4.2xlarge,c,Compute optimized,ap-northeast-2,0.0,xen,x86_64,Intel,Intel Xeon E5-2666 v3 (Haswell),8.0,15.0,EBS only,unsupported,0.454,0.571,0.822,0.238,0.353,0.606
c5.2xlarge,c,Compute optimized,ap-northeast-2,1.0,nitro,x86_64,Intel,Intel Xeon Platinum 8124M,8.0,16.0,EBS only,supported,0.384,0.499,0.752,0.166,0.281,0.534
c5a.2xlarge,c,Compute optimized,ap-northeast-2,1.0,nitro,x86_64,AMD,AMD EPYC 7R32,8.0,16.0,EBS only,supported,0.344,0.459,0.712,0.149,0.264,0.517
c5d.2xlarge,c,Compute optimized,ap-northeast-2,1.0,nitro,x86_64,Intel,Intel Xeon Platinum 8124M,8.0,16.0,1 x 200 NVMe SSD,supported,0.44,0.555,0.808,0.19,0.305,0.558
c6g.2xlarge,c,Compute optimized,ap-northeast-2,1.0,nitro,arm64,AWS,AWS Graviton2 Processor,8.0,16.0,EBS only,supported,0.308,0.4232,,0.1339,0.2491,
c6gd.2xlarge,c,Compute optimized,ap-northeast-2,1.0,nitro,arm64,AWS,AWS Graviton2 Processor,8.0,16.0,1 x 475 NVMe SSD,supported,0.352,0.4672,,0.1521,0.2673,
c6gn.2xlarge,c,Compute optimized,ap-northeast-2,1.0,nitro,arm64,AWS,AWS Graviton2 Processor,8.0,16.0,EBS only,supported,0.39,0.5052,,0.1966,0.3118,
c6i.2xlarge,c,Compute optimized,ap-northeast-2,1.0,nitro,x86_64,Intel,Intel Xeon 8375C (Ice Lake),8.0,16.0,EBS only,supported,0.384,0.4992,0.752,0.1745,0.2897,0.5425
c6id.2xlarge,c,Compute optimized,ap-northeast-2,1.0,nitro,x86_64,Intel,Intel Xeon 8375C (Ice Lake),8.0,16.0,1 x 474 NVMe SSD,supported,0.462,0.5772,0.83,0.1996,0.3148,0.5676
c6in.2xlarge,c,Compute optimized,ap-northeast-2,1.0,nitro,x86_64,Intel,Intel Xeon 8375C (Ice Lake),8.0,16.0,EBS only,supported,0.5124,0.6276,0.8804,0.2163,0.3315,0.5843
c7g.2xlarge,c,Compute optimized,ap-northeast-2,1.0,nitro,arm64,AWS,AWS Graviton3 Processor,8.0,16.0,EBS only,supported,0.3264,0.4416,,0.1483,0.2635,
c7i-flex.2xlarge,c,Compute optimized,ap-northeast-2,1.0,nitro,x86_64,Intel,Intel Xeon Scalable (Sapphire Rapids),8.0,16.0,EBS only,unsupported,0.383,0.4982,0.7326,0.1741,0.2893,0.5237
c7i.2xlarge,c,Compute optimized,ap-northeast-2,1.0,nitro,x86_64,Intel,Intel Xeon Scalable (Sapphire Rapids),8.0,16.0,EBS only,supported,0.4032,0.5184,0.7712,0.1832,0.2984,0.5513
g5g.2xlarge,g5g,GPU instance,ap-northeast-2,1.0,nitro,arm64,AWS,AWS Graviton2 Processor,8.0,16.0,EBS only,unsupported,0.6839,0.7991,,0.2951,0.4103,
inf1.2xlarge,inf1,Machine Learning ASIC Instances,ap-northeast-2,1.0,nitro,x86_64,Intel,Intel Xeon Platinum 8275CL (Cascade Lake),8.0,16.0,EBS only,supported,0.446,0.561,,0.214,0.329,
c5n.2xlarge,c,Compute optimized,ap-northeast-2,1.0,nitro,x86_64,Intel,Intel Xeon Platinum 8124M,8.0,21.0,EBS only,supported,0.488,0.603,0.856,0.206,0.321,0.574
m3.2xlarge,m3,General purpose,ap-northeast-2,0.0,xen,x86_64,Intel,Intel Xeon E5-2670 v2 (Ivy Bridge/Sandy Bridge),8.0,30.0,2 x 80 SSD,unsupported,0.732,0.862,1.1,,,
g4dn.2xlarge,g4dn,GPU instance,ap-northeast-2,1.0,nitro,x86_64,Intel,Intel Xeon Family,8.0,32.0,225 GB NVMe SSD,supported,0.925,1.04,1.293,0.4,0.515,0.768
g5.2xlarge,g5,GPU instance,ap-northeast-2,1.0,nitro,x86_64,AMD,AMD EPYC 7R32,8.0,32.0,1 x 450 GB NVMe SSD,supported,1.4903,1.6055,1.8583,0.6438,0.759,1.0118
g6.2xlarge,g6,GPU instance,ap-northeast-2,1.0,nitro,x86_64,AMD,AMD EPYC 7R13 Processor,8.0,32.0,1 x 450 GB NVMe SSD,supported,1.2021,1.3173,1.5701,0.5517,0.667,0.9197
m4.2xlarge,m4,General purpose,ap-northeast-2,0.0,xen,x86_64,Intel,Intel Xeon E5-2676 v3 (Haswell),8.0,32.0,EBS only,unsupported,0.492,0.6072,0.86,0.216,0.3312,0.584
m5.2xlarge,m5,General purpose,ap-northeast-2,1.0,nitro,x86_64,Intel,Intel Xeon Platinum 8175,8.0,32.0,EBS only,supported,0.472,0.587,0.84,0.204,0.319,0.572
m5a.2xlarge,m5a,General purpose,ap-northeast-2,1.0,nitro,x86_64,AMD,AMD EPYC 7571,8.0,32.0,EBS only,supported,0.424,0.539,0.792,0.183,0.298,0.551
m5ad.2xlarge,m5ad,General purpose,ap-northeast-2,1.0,nitro,x86_64,AMD,AMD EPYC 7571,8.0,32.0,1 x 300 NVMe SSD,supported,0.508,0.623,0.876,0.219,0.335,0.587
m5d.2xlarge,m5d,General purpose,ap-northeast-2,1.0,nitro,x86_64,Intel,Intel Xeon Platinum 8175,8.0,32.0,1 x 300 NVMe SSD,supported,0.556,0.671,0.924,0.24,0.355,0.608
m5zn.2xlarge,m5zn,General purpose,ap-northeast-2,1.0,nitro,x86_64,Intel,Intel Xeon Platinum 8252,8.0,32.0,EBS only,supported,0.812,0.9272,1.18,0.3521,0.4673,0.7201
m6g.2xlarge,m6g,General purpose,ap-northeast-2,1.0,nitro,arm64,AWS,AWS Graviton2 Processor,8.0,32.0,EBS only,supported,0.376,0.4912,,0.1642,0.2794,
m6gd.2xlarge,m6gd,General purpose,ap-northeast-2,1.0,nitro,arm64,AWS,AWS Graviton2 Processor,8.0,32.0,1 x 475 NVMe SSD,supported,0.4448,0.56,,0.1922,0.3074,
m6i.2xlarge,m6i,General purpose,ap-northeast-2,1.0,nitro,x86_64,Intel,Intel Xeon 8375C (Ice Lake),8.0,32.0,EBS only,supported,0.472,0.5872,0.84,0.2132,0.3284,0.5812
m6id.2xlarge,m6id,General purpose,ap-northeast-2,1.0,nitro,x86_64,Intel,Intel Xeon 8375C (Ice Lake),8.0,32.0,1 x 474 NVMe SSD,supported,0.5838,0.699,0.9518,0.2522,0.3674,0.6202
m7g.2xlarge,m7g,General purpose,ap-northeast-2,1.0,nitro,arm64,AWS,AWS Graviton3 Processor,8.0,32.0,EBS only,supported,0.4012,0.5164,,0.1812,0.2964,
m7i-flex.2xlarge,m7i-flex,General purpose,ap-northeast-2,1.0,nitro,x86_64,Intel,Intel Xeon Scalable (Sapphire Rapids),8.0,32.0,EBS only,unsupported,0.4708,0.586,0.8204,0.2127,0.3279,0.5623
m7i.2xlarge,m7i,General purpose,ap-northeast-2,1.0,nitro,x86_64,Intel,Intel Xeon Scalable (Sapphire Rapids),8.0,32.0,EBS only,supported,0.4956,0.6108,0.8636,0.2238,0.3391,0.5918
t2.2xlarge,t,General purpose,ap-northeast-2,1.0,xen,x86_64,Intel,Intel Xeon Family,8.0,32.0,EBS only,unsupported,0.4608,0.576,0.5228,0.2023,0.3175,0.2643
t3.2xlarge,t,General purpose,ap-northeast-2,1.0,nitro,x86_64,Intel,Intel Skylake E5 2686 v5,8.0,32.0,EBS only,unsupported,0.416,0.5312,0.5632,0.1797,0.2949,0.3269
t3a.2xlarge,t,General purpose,ap-northeast-2,1.0,nitro,x86_64,AMD,AMD EPYC 7571,8.0,32.0,EBS only,unsupported,0.3744,0.4896,0.5216,0.1617,0.2769,0.3089
t4g.2xlarge,t,General purpose,ap-northeast-2,1.0,nitro,arm64,AWS,AWS Graviton2 Processor,8.0,32.0,EBS only,unsupported,0.3328,0.448,,0.1437,0.2589,
d2.2xlarge,d2,Storage optimized,ap-northeast-2,0.0,xen,x86_64,Intel,Intel Xeon E5-2676 v3 (Haswell),8.0,61.0,6 x 2000 HDD,unsupported,1.688,1.803,2.056,,,
i2.2xlarge,i2,Storage optimized,ap-northeast-2,0.0,xen,x86_64,Intel,Intel Xeon E5-2670 v2 (Ivy Bridge),8.0,61.0,2 x 800 SSD,unsupported,2.001,2.117,2.369,,,
i3.2xlarge,i3,Storage optimized,ap-northeast-2,1.0,xen,x86_64,Intel,Intel Xeon E5-2686 v4 (Broadwell),8.0,61.0,1 x 1900 NVMe SSD,unsupported,0.732,0.847,1.1,0.354,0.469,0.722
p3.2xlarge,p3,GPU instance,ap-northeast-2,1.0,xen,x86_64,Intel,Intel Xeon E5-2686 v4 (Broadwell),8.0,61.0,EBS only,unsupported,4.234,4.349,4.602,,,
r3.2xlarge,r3,Memory optimized,ap-northeast-2,0.0,xen,x86_64,Intel,Intel Xeon E5-2670 v2 (Ivy Bridge),8.0,61.0,1 x 160 SSD,unsupported,0.798,0.915,1.166,,,
r4.2xlarge,r4,Memory optimized,ap-northeast-2,0.0,xen,x86_64,Intel,Intel Xeon E5-2686 v4 (Broadwell),8.0,61.0,EBS only,unsupported,0.64,0.7552,1.008,0.2765,0.3917,0.6445
g6e.2xlarge,g6e,GPU instance,ap-northeast-2,1.0,nitro,x86_64,AMD,AMD EPYC 7R13 Processor,8.0,64.0,1 x 450 GB NVMe SSD,supported,2.7565,2.8717,3.1245,1.1908,1.306,1.5588
i3en.2xlarge,i3en,Storage optimized,ap-northeast-2,1.0,nitro,x86_64,Intel,Intel Xeon Platinum 8175,8.0,64.0,2 x 2500 NVMe SSD,supported,1.064,1.179,1.432,0.463,0.578,0.831
i4i.2xlarge,i4i,Storage optimized,ap-northeast-2,1.0,nitro,x86_64,Intel,Intel Xeon 8375C (Ice Lake),8.0,64.0,1 x 1875 NVMe SSD,supported,0.805,0.92,1.173,0.372,0.487,0.74
r5.2xlarge,r5,Memory optimized,ap-northeast-2,1.0,nitro,x86_64,Intel,Intel Xeon Platinum 8175,8.0,64.0,EBS only,supported,0.608,0.723,0.976,0.263,0.378,0.631
r5a.2xlarge,r5a,Memory optimized,ap-northeast-2,1.0,nitro,x86_64,AMD,AMD EPYC 7571,8.0,64.0,EBS only,supported,0.544,0.659,0.912,0.235,0.35,0.603
r5ad.2xlarge,r5ad,Memory optimized,ap-northeast-2,1.0,nitro,x86_64,AMD,AMD EPYC 7571,8.0,64.0,1 x 300 NVMe SSD,supported,0.632,0.747,1.0,0.273,0.388,0.641
r5b.2xlarge,r5b,Memory optimized,ap-northeast-2,1.0,nitro,x86_64,Intel,Intel Xeon Platinum 8259 (Cascade Lake),8.0,64.0,EBS only,supported,0.712,0.8272,1.08,0.2953,0.4105,0.6633
r5d.2xlarge,r5d,Memory optimized,ap-northeast-2,1.0,nitro,x86_64,Intel,Intel Xeon Platinum 8175,8.0,64.0,1 x 300 NVMe SSD,supported,0.692,0.807,1.06,0.299,0.414,0.667
r5dn.2xlarge,r5dn,Memory optimized,ap-northeast-2,1.0,nitro,x86_64,Intel,Intel Xeon Platinum 8259 (Cascade Lake),8.0,64.0,1 x 300 NVMe SSD,supported,0.796,0.9112,1.164,0.3318,0.447,0.6998
r5n.2xlarge,r5n,Memory optimized,ap-northeast-2,1.0,nitro,x86_64,Intel,Intel Xeon Platinum 8259 (Cascade Lake),8.0,64.0,EBS only,supported,0.712,0.827,1.08,0.295,0.41,0.663
r6g.2xlarge,r6g,Memory optimized,ap-northeast-2,1.0,nitro,arm64,AWS,AWS Graviton2 Processor,8.0,64.0,EBS only,supported,0.488,0.6032,,0.2117,0.3269,
r6gd.2xlarge,r6gd,Memory optimized,ap-northeast-2,1.0,nitro,arm64,AWS,AWS Graviton2 Processor,8.0,64.0,1 x 475 NVMe SSD,supported,0.5536,0.6688,,0.2392,0.3544,
r6i.2xlarge,r6i,Memory optimized,ap-northeast-2,1.0,nitro,x86_64,Intel,Intel Xeon 8375C (Ice Lake),8.0,64.0,EBS only,supported,0.608,0.7232,0.976,0.2767,0.3919,0.6447
r6id.2xlarge,r6id,Memory optimized,ap-northeast-2,1.0,nitro,x86_64,Intel,Intel Xeon 8375C (Ice Lake),8.0,64.0,1 x 474 NVMe SSD,supported,0.7268,0.842,1.0948,0.314,0.4292,0.682
r7g.2xlarge,r7g,Memory optimized,ap-northeast-2,1.0,nitro,arm64,AWS,AWS Graviton3 Processor,8.0,64.0,EBS only,supported,0.5168,0.632,,0.2352,0.3504,
r7i.2xlarge,r7i,Memory optimized,ap-northeast-2,1.0,nitro,x86_64,Intel,Intel Xeon Scalable (Sapphire Rapids),8.0,64.0,EBS only,supported,0.6384,0.7536,1.0064,0.2905,0.4057,0.6585
z1d.2xlarge,z1d,Memory optimized,ap-northeast-2,1.0,nitro,x86_64,Intel,Intel Xeon Platinum 8151,8.0,64.0,1 x 300 NVMe SSD,supported,0.9,1.015,1.268,0.374,0.49,0.742
x1e.2xlarge,x1e,Memory optimized,ap-northeast-2,1.0,xen,x86_64,Intel,High Frequency Intel Xeon E7-8880 v3 (Haswell),8.0,244.0,1 x 240 SSD,unsupported,2.418,2.533,2.786,0.777,0.893,1.145
x2iedn.2xlarge,x2iedn,Memory optimized,ap-northeast-2,1.0,nitro,x86_64,Intel,Intel Xeon Scalable (Icelake),8.0,256.0,1 x 237 NVMe SSD,supported,2.4176,2.5328,2.7856,0.7755,0.8907,1.1435
mac1.metal,mac1,General purpose,ap-northeast-2,1.0,,x86_64_mac,Intel,Intel Core i7-8700B CPU,12.0,32.0,EBS only,unsupported,,,,,,
m5zn.3xlarge,m5zn,General purpose,ap-northeast-2,1.0,nitro,x86_64,Intel,Intel Xeon Platinum 8252,12.0,48.0,EBS only,supported,1.218,1.3476,1.77,0.5281,0.6577,1.0801
i3en.3xlarge,i3en,Storage optimized,ap-northeast-2,1.0,nitro,x86_64,Intel,Intel Xeon Platinum 8175,12.0,96.0,1 x 7500 NVMe SSD,supported,1.596,1.726,2.148,0.694,0.824,1.246
z1d.3xlarge,z1d,Memory optimized,ap-northeast-2,1.0,nitro,x86_64,Intel,Intel Xeon Platinum 8151,12.0,96.0,1 x 450 NVMe SSD,supported,1.35,1.48,1.902,0.562,0.691,1.114
c3.4xlarge,c,Compute optimized,ap-northeast-2,0.0,xen,x86_64,Intel,Intel Xeon E5-2680 v2 (Ivy Bridge),16.0,30.0,2 x 160 SSD,unsupported,0.919,1.049,1.655,,,
c4.4xlarge,c,Compute optimized,ap-northeast-2,0.0,xen,x86_64,Intel,Intel Xeon E5-2666 v3 (Haswell),16.0,30.0,EBS only,unsupported,0.907,1.085,1.643,0.475,0.648,1.211
c5.4xlarge,c,Compute optimized,ap-northeast-2,1.0,nitro,x86_64,Intel,Intel Xeon Platinum 8124M,16.0,32.0,EBS only,supported,0.768,0.941,1.504,0.332,0.505,1.068
c5a.4xlarge,c,Compute optimized,ap-northeast-2,1.0,nitro,x86_64,AMD,AMD EPYC 7R32,16.0,32.0,EBS only,supported,0.688,0.861,1.424,0.297,0.47,1.033
c5d.4xlarge,c,Compute optimized,ap-northeast-2,1.0,nitro,x86_64,Intel,Intel Xeon Platinum 8124M,16.0,32.0,1 x 400 NVMe SSD,supported,0.88,1.053,1.616,0.38,0.553,1.116
c6g.4xlarge,c,Compute optimized,ap-northeast-2,1.0,nitro,arm64,AWS,AWS Graviton2 Processor,16.0,32.0,EBS only,supported,0.616,0.7888,,0.2678,0.4406,
c6gd.4xlarge,c,Compute optimized,ap-northeast-2,1.0,nitro,arm64,AWS,AWS Graviton2 Processor,16.0,32.0,1 x 950 NVMe SSD,supported,0.704,0.8768,,0.3041,0.4769,
c6gn.4xlarge,c,Compute optimized,ap-northeast-2,1.0,nitro,arm64,AWS,AWS Graviton2 Processor,16.0,32.0,EBS only,supported,0.78,0.9528,,0.3931,0.5659,
c6i.4xlarge,c,Compute optimized,ap-northeast-2,1.0,nitro,x86_64,Intel,Intel Xeon 8375C (Ice Lake),16.0,32.0,EBS only,supported,0.768,0.9408,1.504,0.3491,0.5219,1.0851
c6id.4xlarge,c,Compute optimized,ap-northeast-2,1.0,nitro,x86_64,Intel,Intel Xeon 8375C (Ice Lake),16.0,32.0,1 x 950 NVMe SSD,supported,0.924,1.0968,1.66,0.3992,0.572,1.1352
c6in.4xlarge,c,Compute optimized,ap-northeast-2,1.0,nitro,x86_64,Intel,Intel Xeon 8375C (Ice Lake),16.0,32.0,EBS only,supported,1.0248,1.1976,1.7608,0.4326,0.6054,1.1686
c7g.4xlarge,c,Compute optimized,ap-northeast-2,1.0,nitro,arm64,AWS,AWS Graviton3 Processor,16.0,32.0,EBS only,supported,0.6528,0.8256,,0.2967,0.4695,
c7i-flex.4xlarge,c,Compute optimized,ap-northeast-2,1.0,nitro,x86_64,Intel,Intel Xeon Scalable (Sapphire Rapids),16.0,32.0,EBS only,unsupported,0.7661,0.9389,1.4653,0.3482,0.521,1.0474
c7i.4xlarge,c,Compute optimized,ap-northeast-2,1.0,nitro,x86_64,Intel,Intel Xeon Scalable (Sapphire Rapids),16.0,32.0,EBS only,supported,0.8064,0.9792,1.5424,0.3665,0.5393,1.1025
g5g.4xlarge,g5g,GPU instance,ap-northeast-2,1.0,nitro,arm64,AWS,AWS Graviton2 Processor,16.0,32.0,EBS only,unsupported,1.0185,1.1913,,0.4395,0.6123,
c5n.4xlarge,c,Compute optimized,ap-northeast-2,1.0,nitro,x86_64,Intel,Intel Xeon Platinum 8124M,16.0,42.0,EBS only,supported,0.976,1.149,1.712,0.412,0.585,1.148
g4dn.4xlarge,g4dn,GPU instance,ap-northeast-2,1.0,nitro,x86_64,Intel,Intel Xeon Family,16.0,64.0,225 GB NVMe SSD,supported,1.481,1.654,2.217,0.64,0.813,1.376
g5.4xlarge,g5,GPU instance,ap-northeast-2,1.0,nitro,x86_64,AMD,AMD EPYC 7R32,16.0,64.0,1 x 600 GB NVMe SSD,supported,1.9969,2.1697,2.7329,0.8627,1.0355,1.5987
g6.4xlarge,g6,GPU instance,ap-northeast-2,1.0,nitro,x86_64,AMD,AMD EPYC 7R13 Processor,16.0,64.0,1 x 600 GB NVMe SSD,supported,1.627,1.7998,2.363,0.7468,0.9196,1.4828
m4.4xlarge,m4,General purpose,ap-northeast-2,0.0,xen,x86_64,Intel,Intel Xeon E5-2676 v3 (Haswell),16.0,64.0,EBS only,unsupported,0.984,1.1568,1.72,0.432,0.6048,1.168
m5.4xlarge,m5,General purpose,ap-northeast-2,1.0,nitro,x86_64,Intel,Intel Xeon Platinum 8175,16.0,64.0,EBS only,supported,0.944,1.117,1.68,0.408,0.581,1.144
m5a.4xlarge,m5a,General purpose,ap-northeast-2,1.0,nitro,x86_64,AMD,AMD EPYC 7571,16.0,64.0,EBS only,supported,0.848,1.021,1.584,0.366,0.539,1.102
m5ad.4xlarge,m5ad,General purpose,ap-northeast-2,1.0,nitro,x86_64,AMD,AMD EPYC 7571,16.0,64.0,2 x 300 NVMe SSD,supported,1.016,1.189,1.752,0.439,0.612,1.175
m5d.4xlarge,m5d,General purpose,ap-northeast-2,1.0,nitro,x86_64,Intel,Intel Xeon Platinum 8175,16.0,64.0,2 x 300 NVMe SSD,supported,1.112,1.285,1.848,0.48,0.653,1.216
m6g.4xlarge,m6g,General purpose,ap-northeast-2,1.0,nitro,arm64,AWS,AWS Graviton2 Processor,16.0,64.0,EBS only,supported,0.752,0.9248,,0.3284,0.5012,
m6gd.4xlarge,m6gd,General purpose,ap-northeast-2,1.0,nitro,arm64,AWS,AWS Graviton2 Processor,16.0,64.0,1 x 950 NVMe SSD,supported,0.8896,1.0624,,0.3843,0.5571,
m6i.4xlarge,m6i,General purpose,ap-northeast-2,1.0,nitro,x86_64,Intel,Intel Xeon 8375C (Ice Lake),16.0,64.0,EBS only,supported,0.944,1.1168,1.68,0.4264,0.5992,1.1624
m6id.4xlarge,m6id,General purpose,ap-northeast-2,1.0,nitro,x86_64,Intel,Intel Xeon 8375C (Ice Lake),16.0,64.0,1 x 950 NVMe SSD,supported,1.1676,1.3404,1.9036,0.5044,0.6772,1.2404
m7g.4xlarge,m7g,General purpose,ap-northeast-2,1.0,nitro,arm64,AWS,AWS Graviton3 Processor,16.0,64.0,EBS only,supported,0.8024,0.9752,,0.3624,0.5352,
m7i-flex.4xlarge,m7i-flex,General purpose,ap-northeast-2,1.0,nitro,x86_64,Intel,Intel Xeon Scalable (Sapphire Rapids),16.0,64.0,EBS only,unsupported,0.9417,1.1145,1.6409,0.4254,0.5982,1.1246
m7i.4xlarge,m7i,General purpose,ap-northeast-2,1.0,nitro,x86_64,Intel,Intel Xeon Scalable (Sapphire Rapids),16.0,64.0,EBS only,supported,0.9912,1.164,1.7272,0.4477,0.6205,1.1837
d2.4xlarge,d2,Storage optimized,ap-northeast-2,0.0,xen,x86_64,Intel,Intel Xeon E5-2676 v3 (Haswell),16.0,122.0,12 x 2000 HDD,unsupported,3.376,3.549,4.112,,,
i2.4xlarge,i2,Storage optimized,ap-northeast-2,0.0,xen,x86_64,Intel,Intel Xeon E5-2670 v2 (Ivy Bridge),16.0,122.0,4 x 800 SSD,unsupported,4.002,4.177,4.738,,,
i3.4xlarge,i3,Storage optimized,ap-northeast-2,1.0,xen,x86_64,Intel,Intel Xeon E5-2686 v4 (Broadwell),16.0,122.0,2 x 1900 NVMe SSD,unsupported,1.464,1.637,2.2,0.708,0.881,1.444
r3.4xlarge,r3,Memory optimized,ap-northeast-2,0.0,xen,x86_64,Intel,Intel Xeon E5-2670 v2 (Ivy Bridge),16.0,122.0,1 x 320 SSD,unsupported,1.596,1.773,2.332,,,
r4.4xlarge,r4,Memory optimized,ap-northeast-2,0.0,xen,x86_64,Intel,Intel Xeon E5-2686 v4 (Broadwell),16.0,122.0,EBS only,unsupported,1.28,1.4528,2.016,0.553,0.7258,1.289
g6e.4xlarge,g6e,GPU instance,ap-northeast-2,1.0,nitro,x86_64,AMD,AMD EPYC 7R13 Processor,16.0,128.0,1 x 600 GB NVMe SSD,supported,3.6936,3.8664,4.4295,1.5956,1.7684,2.3316
gr6.4xlarge,gr6,GPU instance,ap-northeast-2,1.0,nitro,x86_64,AMD,AMD EPYC 7R32,16.0,128.0,1 x 600 GB NVMe SSD,supported,1.8926,2.0654,2.6286,0.8687,1.0415,1.6047
i4i.4xlarge,i4i,Storage optimized,ap-northeast-2,1.0,nitro,x86_64,Intel,Intel Xeon 8375C (Ice Lake),16.0,128.0,1 x 3750 NVMe SSD,supported,1.61,1.783,2.346,0.744,0.917,1.48
r5.4xlarge,r5,Memory optimized,ap-northeast-2,1.0,nitro,x86_64,Intel,Intel Xeon Platinum 8175,16.0,128.0,EBS only,supported,1.216,1.389,1.952,0.525,0.698,1.261
r5a.4xlarge,r5a,Memory optimized,ap-northeast-2,1.0,nitro,x86_64,AMD,AMD EPYC 7571,16.0,128.0,EBS only,supported,1.088,1.261,1.824,0.47,0.643,1.206
r5ad.4xlarge,r5ad,Memory optimized,ap-northeast-2,1.0,nitro,x86_64,AMD,AMD EPYC 7571,16.0,128.0,2 x 300 NVMe SSD,supported,1.264,1.437,2.0,0.546,0.719,1.282
r5b.4xlarge,r5b,Memory optimized,ap-northeast-2,1.0,nitro,x86_64,Intel,Intel Xeon Platinum 8259 (Cascade Lake),16.0,128.0,EBS only,supported,1.424,1.5968,2.16,0.5906,0.7634,1.3266
r5d.4xlarge,r5d,Memory optimized,ap-northeast-2,1.0,nitro,x86_64,Intel,Intel Xeon Platinum 8175,16.0,128.0,2 x 300 NVMe SSD,supported,1.384,1.557,2.12,0.598,0.771,1.334
r5dn.4xlarge,r5dn,Memory optimized,ap-northeast-2,1.0,nitro,x86_64,Intel,Intel Xeon Platinum 8259 (Cascade Lake),16.0,128.0,2 x 300 NVMe SSD,supported,1.592,1.7648,2.328,0.6637,0.8365,1.3997
r5n.4xlarge,r5n,Memory optimized,ap-northeast-2,1.0,nitro,x86_64,Intel,Intel Xeon Platinum 8259 (Cascade Lake),16.0,128.0,EBS only,supported,1.424,1.597,2.16,0.591,0.763,1.327
r6g.4xlarge,r6g,Memory optimized,ap-northeast-2,1.0,nitro,arm64,AWS,AWS Graviton2 Processor,16.0,128.0,EBS only,supported,0.976,1.1488,,0.4233,0.5961,
r6gd.4xlarge,r6gd,Memory optimized,ap-northeast-2,1.0,nitro,arm64,AWS,AWS Graviton2 Processor,16.0,128.0,1 x 950 NVMe SSD,supported,1.1072,1.28,,0.4783,0.6511,
r6i.4xlarge,r6i,Memory optimized,ap-northeast-2,1.0,nitro,x86_64,Intel,Intel Xeon 8375C (Ice Lake),16.0,128.0,EBS only,supported,1.216,1.3888,1.952,0.5534,0.7262,1.2894
r6id.4xlarge,r6id,Memory optimized,ap-northeast-2,1.0,nitro,x86_64,Intel,Intel Xeon 8375C (Ice Lake),16.0,128.0,1 x 950 NVMe SSD,supported,1.4536,1.6264,2.1896,0.628,0.8008,1.364
r7g.4xlarge,r7g,Memory optimized,ap-northeast-2,1.0,nitro,arm64,AWS,AWS Graviton3 Processor,16.0,128.0,EBS only,supported,1.0336,1.2064,,0.4704,0.6432,
r7i.4xlarge,r7i,Memory optimized,ap-northeast-2,1.0,nitro,x86_64,Intel,Intel Xeon Scalable (Sapphire Rapids),16.0,128.0,EBS only,supported,1.2768,1.4496,2.0128,0.5811,0.7539,1.3171
x1e.4xlarge,x1e,Memory optimized,ap-northeast-2,1.0,xen,x86_64,Intel,High Frequency Intel Xeon E7-8880 v3 (Haswell),16.0,488.0,1 x 480 SSD,unsupported,4.836,5.009,5.572,1.555,1.727,2.291
x2iedn.4xlarge,x2iedn,Memory optimized,ap-northeast-2,1.0,nitro,x86_64,Intel,Intel Xeon Scalable (Icelake),16.0,512.0,1 x 475 NVMe SSD,supported,4.8353,5.008,5.5713,1.551,1.7237,2.287
inf1.6xlarge,inf1,Machine Learning ASIC Instances,ap-northeast-2,1.0,nitro,x86_64,Intel,Intel Xeon Platinum 8275CL (Cascade Lake),24.0,48.0,EBS only,supported,1.453,1.712,,0.698,0.957,
m5zn.6xlarge,m5zn,General purpose,ap-northeast-2,1.0,nitro,x86_64,Intel,Intel Xeon Platinum 8252,24.0,96.0,EBS only,supported,2.436,2.6952,3.54,1.0562,1.3154,2.1602
i3en.6xlarge,i3en,Storage optimized,ap-northeast-2,1.0,nitro,x86_64,Intel,Intel Xeon Platinum 8175,24.0,192.0,2 x 7500 NVMe SSD,supported,3.192,3.451,4.296,1.388,1.647,2.492
z1d.6xlarge,z1d,Memory optimized,ap-northeast-2,1.0,nitro,x86_64,Intel,Intel Xeon Platinum 8151,24.0,192.0,1 x 900 NVMe SSD,supported,2.7,2.959,3.804,1.123,1.383,2.227
c3.8xlarge,c,Compute optimized,ap-northeast-2,0.0,xen,x86_64,Intel,Intel Xeon E5-2680 v2 (Ivy Bridge),32.0,60.0,2 x 320 SSD,unsupported,1.839,1.969,3.311,,,
c5a.8xlarge,c,Compute optimized,ap-northeast-2,1.0,nitro,x86_64,AMD,AMD EPYC 7R32,32.0,64.0,EBS only,supported,1.376,1.722,2.848,0.594,0.94,2.066
c6g.8xlarge,c,Compute optimized,ap-northeast-2,1.0,nitro,arm64,AWS,AWS Graviton2 Processor,32.0,64.0,EBS only,supported,1.232,1.5776,,0.5357,0.8813,
c6gd.8xlarge,c,Compute optimized,ap-northeast-2,1.0,nitro,arm64,AWS,AWS Graviton2 Processor,32.0,64.0,1 x 1900 NVMe SSD,supported,1.408,1.7536,,0.6083,0.9539,
c6gn.8xlarge,c,Compute optimized,ap-northeast-2,1.0,nitro,arm64,AWS,AWS Graviton2 Processor,32.0,64.0,EBS only,supported,1.56,1.9056,,0.7862,1.1318,
c6i.8xlarge,c,Compute optimized,ap-northeast-2,1.0,nitro,x86_64,Intel,Intel Xeon 8375C (Ice Lake),32.0,64.0,EBS only,supported,1.536,1.8816,3.008,0.6981,1.0437,2.1701
c6id.8xlarge,c,Compute optimized,ap-northeast-2,1.0,nitro,x86_64,Intel,Intel Xeon 8375C (Ice Lake),32.0,64.0,1 x 1900 NVMe SSD,supported,1.848,2.1936,3.32,0.7983,1.1439,2.2703
c6in.8xlarge,c,Compute optimized,ap-northeast-2,1.0,nitro,x86_64,Intel,Intel Xeon 8375C (Ice Lake),32.0,64.0,EBS only,supported,2.0496,2.3952,3.5216,0.8653,1.2109,2.3373
c7g.8xlarge,c,Compute optimized,ap-northeast-2,1.0,nitro,arm64,AWS,AWS Graviton3 Processor,32.0,64.0,EBS only,supported,1.3056,1.6512,,0.5934,0.939,
c7i-flex.8xlarge,c,Compute optimized,ap-northeast-2,1.0,nitro,x86_64,Intel,Intel Xeon Scalable (Sapphire Rapids),32.0,64.0,EBS only,unsupported,1.5322,1.8778,2.9306,0.6964,1.042,2.0948
c7i.8xlarge,c,Compute optimized,ap-northeast-2,1.0,nitro,x86_64,Intel,Intel Xeon Scalable (Sapphire Rapids),32.0,64.0,EBS only,supported,1.6128,1.9584,3.0848,0.733,1.0786,2.205
g5g.8xlarge,g5g,GPU instance,ap-northeast-2,1.0,nitro,arm64,AWS,AWS Graviton2 Processor,32.0,64.0,EBS only,unsupported,1.6876,2.0332,,0.7282,1.0738,
g4dn.8xlarge,g4dn,GPU instance,ap-northeast-2,1.0,nitro,x86_64,Intel,Intel Xeon Family,32.0,128.0,900 GB NVMe SSD,supported,2.677,3.022,4.149,1.156,1.502,2.628
g5.8xlarge,g5,GPU instance,ap-northeast-2,1.0,nitro,x86_64,AMD,AMD EPYC 7R32,32.0,128.0,1 x 900 GB NVMe SSD,supported,3.0101,3.3557,4.4821,1.3004,1.646,2.7724
g6.8xlarge,g6,GPU instance,ap-northeast-2,1.0,nitro,x86_64,AMD,AMD EPYC 7R13 Processor,32.0,128.0,2 x 450 GB NVMe SSD,supported,2.4769,2.8226,3.9489,1.1369,1.4825,2.6089
m5.8xlarge,m5,General purpose,ap-northeast-2,1.0,nitro,x86_64,Intel,Intel Xeon Platinum 8175,32.0,128.0,EBS only,supported,1.888,2.234,3.36,0.816,1.161,2.288
m5a.8xlarge,m5a,General purpose,ap-northeast-2,1.0,nitro,x86_64,AMD,AMD EPYC 7571,32.0,128.0,EBS only,supported,1.696,2.042,3.168,0.733,1.078,2.205
m5ad.8xlarge,m5ad,General purpose,ap-northeast-2,1.0,nitro,x86_64,AMD,AMD EPYC 7571,32.0,128.0,2 x 600 NVMe SSD,supported,2.032,2.378,3.504,0.878,1.223,2.35
m5d.8xlarge,m5d,General purpose,ap-northeast-2,1.0,nitro,x86_64,Intel,Intel Xeon Platinum 8175,32.0,128.0,2 x 600 NVMe SSD,supported,2.224,2.57,3.696,0.961,1.306,2.433
m6g.8xlarge,m6g,General purpose,ap-northeast-2,1.0,nitro,arm64,AWS,AWS Graviton2 Processor,32.0,128.0,EBS only,supported,1.504,1.8496,,0.6567,1.0023,
m6gd.8xlarge,m6gd,General purpose,ap-northeast-2,1.0,nitro,arm64,AWS,AWS Graviton2 Processor,32.0,128.0,1 x 1900 NVMe SSD,supported,1.7792,2.1248,,0.7686,1.1142,
m6i.8xlarge,m6i,General purpose,ap-northeast-2,1.0,nitro,x86_64,Intel,Intel Xeon 8375C (Ice Lake),32.0,128.0,EBS only,supported,1.888,2.2336,3.36,0.8528,1.1984,2.3248
m6id.8xlarge,m6id,General purpose,ap-northeast-2,1.0,nitro,x86_64,Intel,Intel Xeon 8375C (Ice Lake),32.0,128.0,1 x 1900 NVMe SSD,supported,2.3352,2.6808,3.8072,1.0088,1.3544,2.4808
m7g.8xlarge,m7g,General purpose,ap-northeast-2,1.0,nitro,arm64,AWS,AWS Graviton3 Processor,32.0,128.0,EBS only,supported,1.6048,1.9504,,0.7248,1.0704,
m7i-flex.8xlarge,m7i-flex,General purpose,ap-northeast-2,1.0,nitro,x86_64,Intel,Intel Xeon Scalable (Sapphire Rapids),32.0,128.0,EBS only,unsupported,1.8834,2.229,3.2818,0.8507,1.1963,2.2491
m7i.8xlarge,m7i,General purpose,ap-northeast-2,1.0,nitro,x86_64,Intel,Intel Xeon Scalable (Sapphire Rapids),32.0,128.0,EBS only,supported,1.9824,2.328,3.4544,0.8954,1.241,2.3674
i2.8xlarge,i2,Storage optimized,ap-northeast-2,0.0,xen,x86_64,Intel,Intel Xeon E5-2670 v2 (Ivy Bridge),32.0,244.0,8 x 800 SSD,unsupported,8.004,8.354,9.476,,,
i3.8xlarge,i3,Storage optimized,ap-northeast-2,1.0,xen,x86_64,Intel,Intel Xeon E5-2686 v4 (Broadwell),32.0,244.0,4 x 1900 NVMe SSD,unsupported,2.928,3.274,4.4,1.417,1.763,2.889
p3.8xlarge,p3,GPU instance,ap-northeast-2,1.0,xen,x86_64,Intel,Intel Xeon E5-2686 v4 (Broadwell),32.0,244.0,EBS only,unsupported,16.936,17.282,18.408,,,
r3.8xlarge,r3,Memory optimized,ap-northeast-2,0.0,xen,x86_64,Intel,Intel Xeon E5-2670 v2 (Ivy Bridge),32.0,244.0,2 x 320 SSD,unsupported,3.192,3.546,4.664,,,
r4.8xlarge,r4,Memory optimized,ap-northeast-2,0.0,xen,x86_64,Intel,Intel Xeon E5-2686 v4 (Broadwell),32.0,244.0,EBS only,unsupported,2.56,2.9056,4.032,1.1059,1.4515,2.5779
g6e.8xlarge,g6e,GPU instance,ap-northeast-2,1.0,nitro,x86_64,AMD,AMD EPYC 7R13 Processor,32.0,256.0,1 x 900 GB NVMe SSD,supported,5.5676,5.9132,7.0396,2.4052,2.7508,3.8772
gr6.8xlarge,gr6,GPU instance,ap-northeast-2,1.0,nitro,x86_64,AMD,AMD EPYC 7R32,32.0,256.0,2 x 450 GB NVMe SSD,supported,3.0081,3.3537,4.4801,1.3807,1.7263,2.8527
i4i.8xlarge,i4i,Storage optimized,ap-northeast-2,1.0,nitro,x86_64,Intel,Intel Xeon 8375C (Ice Lake),32.0,256.0,2 x 3750 NVMe SSD,supported,3.221,3.566,4.693,1.488,1.833,2.96
r5.8xlarge,r5,Memory optimized,ap-northeast-2,1.0,nitro,x86_64,Intel,Intel Xeon Platinum 8175,32.0,256.0,EBS only,supported,2.432,2.778,3.904,1.051,1.396,2.523
r5a.8xlarge,r5a,Memory optimized,ap-northeast-2,1.0,nitro,x86_64,AMD,AMD EPYC 7571,32.0,256.0,EBS only,supported,2.176,2.522,3.648,0.94,1.286,2.412
r5ad.8xlarge,r5ad,Memory optimized,ap-northeast-2,1.0,nitro,x86_64,AMD,AMD EPYC 7571,32.0,256.0,2 x 600 NVMe SSD,supported,2.528,2.874,4.0,1.092,1.438,2.564
r5b.8xlarge,r5b,Memory optimized,ap-northeast-2,1.0,nitro,x86_64,Intel,Intel Xeon Platinum 8259 (Cascade Lake),32.0,256.0,EBS only,supported,2.848,3.1936,4.32,1.1811,1.5267,2.6531
r5d.8xlarge,r5d,Memory optimized,ap-northeast-2,1.0,nitro,x86_64,Intel,Intel Xeon Platinum 8175,32.0,256.0,2 x 600 NVMe SSD,supported,2.768,3.114,4.24,1.196,1.541,2.668
r5dn.8xlarge,r5dn,Memory optimized,ap-northeast-2,1.0,nitro,x86_64,Intel,Intel Xeon Platinum 8259 (Cascade Lake),32.0,256.0,2 x 600 NVMe SSD,supported,3.184,3.5296,4.656,1.3274,1.6729,2.7994
r5n.8xlarge,r5n,Memory optimized,ap-northeast-2,1.0,nitro,x86_64,Intel,Intel Xeon Platinum 8259 (Cascade Lake),32.0,256.0,EBS only,supported,2.848,3.194,4.32,1.181,1.527,2.653
r6g.8xlarge,r6g,Memory optimized,ap-northeast-2,1.0,nitro,arm64,AWS,AWS Graviton2 Processor,32.0,256.0,EBS only,supported,1.952,2.2976,,0.8466,1.1922,
r6gd.8xlarge,r6gd,Memory optimized,ap-northeast-2,1.0,nitro,arm64,AWS,AWS Graviton2 Processor,32.0,256.0,1 x 1900 NVMe SSD,supported,2.2144,2.56,,0.9566,1.3022,
r6i.8xlarge,r6i,Memory optimized,ap-northeast-2,1.0,nitro,x86_64,Intel,Intel Xeon 8375C (Ice Lake),32.0,256.0,EBS only,supported,2.432,2.7776,3.904,1.1068,1.4524,2.5788
r6id.8xlarge,r6id,Memory optimized,ap-northeast-2,1.0,nitro,x86_64,Intel,Intel Xeon 8375C (Ice Lake),32.0,256.0,1 x 1900 NVMe SSD,supported,2.9072,3.2528,4.3792,1.2559,1.6015,2.7279
r7g.8xlarge,r7g,Memory optimized,ap-northeast-2,1.0,nitro,arm64,AWS,AWS Graviton3 Processor,32.0,256.0,EBS only,supported,2.0672,2.4128,,0.9408,1.2864,
r7i.8xlarge,r7i,Memory optimized,ap-northeast-2,1.0,nitro,x86_64,Intel,Intel Xeon Scalable (Sapphire Rapids),32.0,256.0,EBS only,supported,2.5536,2.8992,4.0256,1.1621,1.5077,2.6341
x1e.8xlarge,x1e,Memory optimized,ap-northeast-2,1.0,xen,x86_64,Intel,High Frequency Intel Xeon E7-8880 v3 (Haswell),32.0,976.0,1 x 960 SSD,unsupported,9.672,10.018,11.144,3.109,3.455,4.581
x2iedn.8xlarge,x2iedn,Memory optimized,ap-northeast-2,1.0,nitro,x86_64,Intel,Intel Xeon Scalable (Icelake),32.0,1024.0,1 x 950 NVMe SSD,supported,9.6705,10.0161,11.1425,3.1019,3.4475,4.5739
c4.8xlarge,c,Compute optimized,ap-northeast-2,0.0,xen,x86_64,Intel,Intel Xeon E5-2666 v3 (Haswell),36.0,60.0,EBS only,unsupported,1.815,2.213,3.471,0.95,1.339,2.606
c5.9xlarge,c,Compute optimized,ap-northeast-2,1.0,nitro,x86_64,Intel,Intel Xeon Platinum 8124M,36.0,72.0,EBS only,supported,1.728,2.117,3.384,0.746,1.135,2.402
c5d.9xlarge,c,Compute optimized,ap-northeast-2,1.0,nitro,x86_64,Intel,Intel Xeon Platinum 8124M,36.0,72.0,1 x 900 NVMe SSD,supported,1.98,2.369,3.636,0.855,1.244,2.511
c5n.9xlarge,c,Compute optimized,ap-northeast-2,1.0,nitro,x86_64,Intel,Intel Xeon Platinum 8124M,36.0,96.0,EBS only,supported,2.196,2.585,3.852,0.927,1.316,2.583
d2.8xlarge,d2,Storage optimized,ap-northeast-2,0.0,xen,x86_64,Intel,Intel Xeon E5-2676 v3 (Haswell),36.0,244.0,24 x 2000 HDD,unsupported,6.752,7.141,8.408,,,
m4.10xlarge,m4,General purpose,ap-northeast-2,0.0,xen,x86_64,Intel,Intel Xeon E5-2676 v3 (Haswell),40.0,160.0,EBS only,unsupported,2.46,2.892,4.3,1.08,1.512,2.92
c5.12xlarge,c,Compute optimized,ap-northeast-2,1.0,nitro,x86_64,Intel,Intel Xeon Platinum 8275L,48.0,96.0,EBS only,supported,2.304,2.822,4.512,0.995,1.514,3.203
c5a.12xlarge,c,Compute optimized,ap-northeast-2,1.0,nitro,x86_64,AMD,AMD EPYC 7R32,48.0,96.0,EBS only,supported,2.064,2.582,4.272,0.892,1.41,3.1
c5d.12xlarge,c,Compute optimized,ap-northeast-2,1.0,nitro,x86_64,Intel,Intel Xeon Platinum 8275L,48.0,96.0,2 x 900 NVMe SSD,supported,2.64,3.158,4.848,1.14,1.659,3.348
c6g.12xlarge,c,Compute optimized,ap-northeast-2,1.0,nitro,arm64,AWS,AWS Graviton2 Processor,48.0,96.0,EBS only,supported,1.848,2.3664,,0.8035,1.3219,
c6gd.12xlarge,c,Compute optimized,ap-northeast-2,1.0,nitro,arm64,AWS,AWS Graviton2 Processor,48.0,96.0,2 x 1425 NVMe SSD,supported,2.112,2.6304,,0.9124,1.4308,
c6gn.12xlarge,c,Compute optimized,ap-northeast-2,1.0,nitro,arm64,AWS,AWS Graviton2 Processor,48.0,96.0,EBS only,supported,2.34,2.8584,,1.1794,1.6978,
c6i.12xlarge,c,Compute optimized,ap-northeast-2,1.0,nitro,x86_64,Intel,Intel Xeon 8375C (Ice Lake),48.0,96.0,EBS only,supported,2.304,2.8224,4.512,1.0472,1.5656,3.2552
c6id.12xlarge,c,Compute optimized,ap-northeast-2,1.0,nitro,x86_64,Intel,Intel Xeon 8375C (Ice Lake),48.0,96.0,2 x 1425 NVMe SSD,supported,2.772,3.2904,4.98,1.1975,1.7159,3.4055
c6in.12xlarge,c,Compute optimized,ap-northeast-2,1.0,nitro,x86_64,Intel,Intel Xeon 8375C (Ice Lake),48.0,96.0,EBS only,supported,3.0744,3.5928,5.2824,1.2979,1.8163,3.5059
c7g.12xlarge,c,Compute optimized,ap-northeast-2,1.0,nitro,arm64,AWS,AWS Graviton3 Processor,48.0,96.0,EBS only,supported,1.9584,2.4768,,0.8901,1.4085,
c7i-flex.12xlarge,c,Compute optimized,ap-northeast-2,1.0,nitro,x86_64,Intel,Intel Xeon Scalable (Sapphire Rapids),48.0,96.0,EBS only,unsupported,2.2982,2.8166,4.5062,1.0445,1.5629,3.2525
c7i.12xlarge,c,Compute optimized,ap-northeast-2,1.0,nitro,x86_64,Intel,Intel Xeon Scalable (Sapphire Rapids),48.0,96.0,EBS only,supported,2.4192,2.9376,4.6272,1.0995,1.6179,3.3075
g4dn.12xlarge,g4dn,GPU instance,ap-northeast-2,1.0,nitro,x86_64,Intel,Intel Xeon Family,48.0,192.0,900 GB NVMe SSD,supported,4.812,5.33,7.02,2.079,2.597,4.287
g5.12xlarge,g5,GPU instance,ap-northeast-2,1.0,nitro,x86_64,AMD,AMD EPYC 7R32,48.0,192.0,1 x 3800 GB NVMe SSD,supported,6.9744,7.4928,9.1824,3.013,3.5314,5.221
g6.12xlarge,g6,GPU instance,ap-northeast-2,1.0,nitro,x86_64,AMD,AMD EPYC 7R13 Processor,48.0,192.0,4 X 940 GB NVMe SSD,supported,5.6582,6.1766,7.8662,2.5971,3.1155,4.8051
m5.12xlarge,m5,General purpose,ap-northeast-2,1.0,nitro,x86_64,Intel,Intel Xeon Platinum 8175,48.0,192.0,EBS only,supported,2.832,3.35,5.04,1.223,1.742,3.431
m5a.12xlarge,m5a,General purpose,ap-northeast-2,1.0,nitro,x86_64,AMD,AMD EPYC 7571,48.0,192.0,EBS only,supported,2.544,3.062,4.752,1.099,1.617,3.307
m5ad.12xlarge,m5ad,General purpose,ap-northeast-2,1.0,nitro,x86_64,AMD,AMD EPYC 7571,48.0,192.0,2 x 900 NVMe SSD,supported,3.048,3.566,5.256,1.317,1.835,3.525
m5d.12xlarge,m5d,General purpose,ap-northeast-2,1.0,nitro,x86_64,Intel,Intel Xeon Platinum 8175,48.0,192.0,2 x 900 NVMe SSD,supported,3.336,3.854,5.544,1.441,1.96,3.649
m5zn.12xlarge,m5zn,General purpose,ap-northeast-2,1.0,nitro,x86_64,Intel,Intel Xeon Platinum 8252,48.0,192.0,EBS only,supported,4.872,5.3904,7.08,2.1125,2.6309,4.3205
m5zn.metal,m5zn,General purpose,ap-northeast-2,1.0,,x86_64,Intel,Intel Xeon Platinum 8252,48.0,192.0,EBS only,unsupported,4.872,5.3904,7.08,2.1125,2.6309,4.3205
m6g.12xlarge,m6g,General purpose,ap-northeast-2,1.0,nitro,arm64,AWS,AWS Graviton2 Processor,48.0,192.0,EBS only,supported,2.256,2.7744,,0.9851,1.5035,
m6gd.12xlarge,m6gd,General purpose,ap-northeast-2,1.0,nitro,arm64,AWS,AWS Graviton2 Processor,48.0,192.0,2 x 1425 NVMe SSD,supported,2.6688,3.1872,,1.1529,1.6713,
m6i.12xlarge,m6i,General purpose,ap-northeast-2,1.0,nitro,x86_64,Intel,Intel Xeon 8375C (Ice Lake),48.0,192.0,EBS only,supported,2.832,3.3504,5.04,1.2792,1.7975,3.4872
m6id.12xlarge,m6id,General purpose,ap-northeast-2,1.0,nitro,x86_64,Intel,Intel Xeon 8375C (Ice Lake),48.0,192.0,2 x 1425 NVMe SSD,supported,3.5028,4.0212,5.7108,1.5132,2.0316,3.7212
m7g.12xlarge,m7g,General purpose,ap-northeast-2,1.0,nitro,arm64,AWS,AWS Graviton3 Processor,48.0,192.0,EBS only,supported,2.4072,2.9256,,1.0872,1.6056,
m7i-flex.12xlarge,m7i-flex,General purpose,ap-northeast-2,1.0,nitro,x86_64,Intel,Intel Xeon Scalable (Sapphire Rapids),48.0,192.0,EBS only,unsupported,2.825,3.3434,5.033,1.2761,1.7945,3.4841
m7i.12xlarge,m7i,General purpose,ap-northeast-2,1.0,nitro,x86_64,Intel,Intel Xeon Scalable (Sapphire Rapids),48.0,192.0,EBS only,supported,2.9736,3.492,5.1816,1.3431,1.8615,3.5511
g6e.12xlarge,g6e,GPU instance,ap-northeast-2,1.0,nitro,x86_64,AMD,AMD EPYC 7R13 Processor,48.0,384.0,2 x 1900 GB NVMe SSD,supported,12.9001,13.4185,15.1081,5.5729,6.0913,7.7809
i3en.12xlarge,i3en,Storage optimized,ap-northeast-2,1.0,nitro,x86_64,Intel,Intel Xeon Platinum 8175,48.0,384.0,4 x 7500 NVMe SSD,supported,6.384,6.902,8.592,2.776,3.294,4.984
i4i.12xlarge,i4i,Storage optimized,ap-northeast-2,1.0,nitro,x86_64,Intel,Intel Xeon 8375C (Ice Lake),48.0,384.0,3 x 3750 NVMe SSD,supported,4.831,5.35,7.039,2.232,2.75,4.44
r5.12xlarge,r5,Memory optimized,ap-northeast-2,1.0,nitro,x86_64,Intel,Intel Xeon Platinum 8175,48.0,384.0,EBS only,supported,3.648,4.166,5.856,1.576,2.094,3.784
r5a.12xlarge,r5a,Memory optimized,ap-northeast-2,1.0,nitro,x86_64,AMD,AMD EPYC 7571,48.0,384.0,EBS only,supported,3.264,3.782,5.472,1.41,1.928,3.618
r5ad.12xlarge,r5ad,Memory optimized,ap-northeast-2,1.0,nitro,x86_64,AMD,AMD EPYC 7571,48.0,384.0,2 x 900 NVMe SSD,supported,3.792,4.31,6.0,1.638,2.157,3.846
r5b.12xlarge,r5b,Memory optimized,ap-northeast-2,1.0,nitro,x86_64,Intel,Intel Xeon Platinum 8259 (Cascade Lake),48.0,384.0,EBS only,supported,4.272,4.7904,6.48,1.7717,2.2901,3.9797
r5d.12xlarge,r5d,Memory optimized,ap-northeast-2,1.0,nitro,x86_64,Intel,Intel Xeon Platinum 8175,48.0,384.0,2 x 900 NVMe SSD,supported,4.152,4.67,6.36,1.794,2.312,4.002
r5dn.12xlarge,r5dn,Memory optimized,ap-northeast-2,1.0,nitro,x86_64,Intel,Intel Xeon Platinum 8259 (Cascade Lake),48.0,384.0,2 x 900 GB NVMe SSD,supported,4.776,5.2944,6.984,1.991,2.5094,4.199
r5n.12xlarge,r5n,Memory optimized,ap-northeast-2,1.0,nitro,x86_64,Intel,Intel Xeon Platinum 8259 (Cascade Lake),48.0,384.0,EBS only,supported,4.272,4.79,6.48,1.772,2.29,3.98
r6g.12xlarge,r6g,Memory optimized,ap-northeast-2,1.0,nitro,arm64,AWS,AWS Graviton2 Processor,48.0,384.0,EBS only,supported,2.928,3.4464,,1.27,1.7884,
r6gd.12xlarge,r6gd,Memory optimized,ap-northeast-2,1.0,nitro,arm64,AWS,AWS Graviton2 Processor,48.0,384.0,2 x 1425 NVMe SSD,supported,3.3216,3.84,,1.4349,1.9533,
r6i.12xlarge,r6i,Memory optimized,ap-northeast-2,1.0,nitro,x86_64,Intel,Intel Xeon 8375C (Ice Lake),48.0,384.0,EBS only,supported,3.648,4.1664,5.856,1.6602,2.1786,3.8682
r6id.12xlarge,r6id,Memory optimized,ap-northeast-2,1.0,nitro,x86_64,Intel,Intel Xeon 8375C (Ice Lake),48.0,384.0,2 x 1425 NVMe SSD,supported,4.3608,4.8792,6.5688,1.8839,2.4023,4.0919
r7g.12xlarge,r7g,Memory optimized,ap-northeast-2,1.0,nitro,arm64,AWS,AWS Graviton3 Processor,48.0,384.0,EBS only,supported,3.1008,3.6192,,1.4112,1.9296,
r7i.12xlarge,r7i,Memory optimized,ap-northeast-2,1.0,nitro,x86_64,Intel,Intel Xeon Scalable (Sapphire Rapids),48.0,384.0,EBS only,supported,3.8304,4.3488,6.0384,1.7432,2.2616,3.9512
z1d.12xlarge,z1d,Memory optimized,ap-northeast-2,1.0,nitro,x86_64,Intel,Intel Xeon Platinum 8151,48.0,384.0,2 x 900 NVMe SSD,supported,5.4,5.918,7.608,2.247,2.765,4.455
z1d.metal,z1d,Memory optimized,ap-northeast-2,1.0,,x86_64,Intel,Intel Xeon Platinum 8151,48.0,384.0,2 x 900 NVMe SSD,unsupported,5.4,5.918,7.608,2.247,2.765,4.455
c5a.16xlarge,c,Compute optimized,ap-northeast-2,1.0,nitro,x86_64,AMD,AMD EPYC 7R32,64.0,128.0,EBS only,supported,2.752,3.443,5.696,1.189,1.88,4.133
c6g.16xlarge,c,Compute optimized,ap-northeast-2,1.0,nitro,arm64,AWS,AWS Graviton2 Processor,64.0,128.0,EBS only,supported,2.464,3.1552,,1.0714,1.7626,
c6g.metal,c,Compute optimized,ap-northeast-2,1.0,,arm64,AWS,AWS Graviton2 Processor,64.0,128.0,EBS only,unsupported,2.464,3.1552,,1.0714,1.7626,
c6gd.16xlarge,c,Compute optimized,ap-northeast-2,1.0,nitro,arm64,AWS,AWS Graviton2 Processor,64.0,128.0,2 x 1900 NVMe SSD,supported,2.816,3.5072,,1.2165,1.9077,
c6gd.metal,c,Compute optimized,ap-northeast-2,1.0,,arm64,AWS,AWS Graviton2 Processor,64.0,128.0,2 x 1900 NVMe SSD,unsupported,2.816,3.5072,,1.2165,1.9077,
c6gn.16xlarge,c,Compute optimized,ap-northeast-2,1.0,nitro,arm64,AWS,AWS Graviton2 Processor,64.0,128.0,EBS only,supported,3.12,3.8112,,1.5725,2.2637,
c6i.16xlarge,c,Compute optimized,ap-northeast-2,1.0,nitro,x86_64,Intel,Intel Xeon 8375C (Ice Lake),64.0,128.0,EBS only,supported,3.072,3.7632,6.016,1.3962,2.0874,4.3402
c6id.16xlarge,c,Compute optimized,ap-northeast-2,1.0,nitro,x86_64,Intel,Intel Xeon 8375C (Ice Lake),64.0,128.0,2 x 1900 NVMe SSD,supported,3.696,4.3872,6.64,1.5967,2.2879,4.5407
c6in.16xlarge,c,Compute optimized,ap-northeast-2,1.0,nitro,x86_64,Intel,Intel Xeon 8375C (Ice Lake),64.0,128.0,EBS only,supported,4.0992,4.7904,7.0432,1.7306,2.4218,4.6746
c7g.16xlarge,c,Compute optimized,ap-northeast-2,1.0,nitro,arm64,AWS,AWS Graviton3 Processor,64.0,128.0,EBS only,supported,2.6112,3.3024,,1.1868,1.878,
c7g.metal,c,Compute optimized,ap-northeast-2,1.0,,arm64,AWS,AWS Graviton3 Processor,64.0,128.0,EBS only,unsupported,2.6112,3.3024,,1.1868,1.878,
c7i-flex.16xlarge,c,Compute optimized,ap-northeast-2,1.0,nitro,x86_64,Intel,Intel Xeon Scalable (Sapphire Rapids),64.0,128.0,EBS only,unsupported,3.0643,3.7555,6.0083,1.3927,2.0839,4.3367
c7i.16xlarge,c,Compute optimized,ap-northeast-2,1.0,nitro,x86_64,Intel,Intel Xeon Scalable (Sapphire Rapids),64.0,128.0,EBS only,unsupported,3.2256,3.9168,6.1696,1.466,2.1572,4.41
g5g.16xlarge,g5g,GPU instance,ap-northeast-2,1.0,nitro,arm64,AWS,AWS Graviton2 Processor,64.0,128.0,EBS only,unsupported,3.3752,4.0664,,1.4564,2.1476,
g5g.metal,g5g,GPU instance,ap-northeast-2,1.0,,arm64,AWS,AWS Graviton2 Processor,64.0,128.0,EBS only,unsupported,3.3752,4.0664,,1.4564,2.1476,
g4dn.16xlarge,g4dn,GPU instance,ap-northeast-2,1.0,nitro,x86_64,Intel,Intel Xeon Family,64.0,256.0,900 GB NVMe SSD,supported,5.353,6.044,8.297,2.313,3.004,5.257
g5.16xlarge,g5,GPU instance,ap-northeast-2,1.0,nitro,x86_64,AMD,AMD EPYC 7R32,64.0,256.0,1 x 1900 GB NVMe SSD,supported,5.0365,5.7277,7.9805,2.1758,2.867,5.1198
g6.16xlarge,g6,GPU instance,ap-northeast-2,1.0,nitro,x86_64,AMD,AMD EPYC 7R13 Processor,64.0,256.0,2 x 940 GB NVMe SSD,supported,4.1768,4.868,7.1208,1.9171,2.6083,4.8611
m4.16xlarge,m4,General purpose,ap-northeast-2,0.0,xen,x86_64,Intel,Intel Xeon E5-2686 v4 (Broadwell),64.0,256.0,EBS only,unsupported,3.936,4.6272,6.88,1.728,2.4192,4.672
m5.16xlarge,m5,General purpose,ap-northeast-2,1.0,nitro,x86_64,Intel,Intel Xeon Platinum 8175,64.0,256.0,EBS only,supported,3.776,4.467,6.72,1.631,2.322,4.575
m5a.16xlarge,m5a,General purpose,ap-northeast-2,1.0,nitro,x86_64,AMD,AMD EPYC 7571,64.0,256.0,EBS only,supported,3.392,4.083,6.336,1.465,2.157,4.409
m5ad.16xlarge,m5ad,General purpose,ap-northeast-2,1.0,nitro,x86_64,AMD,AMD EPYC 7571,64.0,256.0,4 x 600 NVMe SSD,supported,4.064,4.755,7.008,1.756,2.447,4.7
m5d.16xlarge,m5d,General purpose,ap-northeast-2,1.0,nitro,x86_64,Intel,Intel Xeon Platinum 8175,64.0,256.0,4 x 600 NVMe SSD,supported,4.448,5.139,7.392,1.922,2.613,4.866
m6g.16xlarge,m6g,General purpose,ap-northeast-2,1.0,nitro,arm64,AWS,AWS Graviton2 Processor,64.0,256.0,EBS only,supported,3.008,3.6992,,1.3134,2.0046,
m6g.metal,m6g,General purpose,ap-northeast-2,1.0,,arm64,AWS,AWS Graviton2 Processor,64.0,256.0,EBS only,unsupported,3.008,3.6992,,1.3134,2.0046,
m6gd.16xlarge,m6gd,General purpose,ap-northeast-2,1.0,nitro,arm64,AWS,AWS Graviton2 Processor,64.0,256.0,2 x 1900 NVMe SSD,supported,3.5584,4.2496,,1.5372,2.2284,
m6gd.metal,m6gd,General purpose,ap-northeast-2,1.0,,arm64,AWS,AWS Graviton2 Processor,64.0,256.0,2 x 1900 NVMe SSD,unsupported,3.5584,4.2496,,1.5372,2.2284,
m6i.16xlarge,m6i,General purpose,ap-northeast-2,1.0,nitro,x86_64,Intel,Intel Xeon 8375C (Ice Lake),64.0,256.0,EBS only,supported,3.776,4.4672,6.72,1.7055,2.3967,4.6495
m6id.16xlarge,m6id,General purpose,ap-northeast-2,1.0,nitro,x86_64,Intel,Intel Xeon 8375C (Ice Lake),64.0,256.0,2 x 1900 NVMe SSD,supported,4.6704,5.3616,7.6144,2.0176,2.7088,4.9616
m7g.16xlarge,m7g,General purpose,ap-northeast-2,1.0,nitro,arm64,AWS,AWS Graviton3 Processor,64.0,256.0,EBS only,supported,3.2096,3.9008,,1.4496,2.1408,
m7g.metal,m7g,General purpose,ap-northeast-2,1.0,,arm64,AWS,AWS Graviton3 Processor,64.0,256.0,EBS only,unsupported,3.2096,3.9008,,1.4496,2.1408,
m7i-flex.16xlarge,m7i-flex,General purpose,ap-northeast-2,1.0,nitro,x86_64,Intel,Intel Xeon Scalable (Sapphire Rapids),64.0,256.0,EBS only,unsupported,3.7667,4.4579,6.7107,1.7014,2.3926,4.6454
m7i.16xlarge,m7i,General purpose,ap-northeast-2,1.0,nitro,x86_64,Intel,Intel Xeon Scalable (Sapphire Rapids),64.0,256.0,EBS only,unsupported,3.9648,4.656,6.9088,1.7908,2.482,4.7348
i3.16xlarge,i3,Storage optimized,ap-northeast-2,1.0,xen,x86_64,Intel,Intel Xeon E5-2686 v4 (Broadwell),64.0,488.0,8 x 1900 NVMe SSD,unsupported,5.856,6.547,8.8,2.834,3.525,5.778
p3.16xlarge,p3,GPU instance,ap-northeast-2,1.0,xen,x86_64,Intel,Intel Xeon E5-2686 v4 (Broadwell),64.0,488.0,EBS only,unsupported,33.872,34.563,36.816,,,
r4.16xlarge,r4,Memory optimized,ap-northeast-2,0.0,xen,x86_64,Intel,Intel Xeon E5-2686 v4 (Broadwell),64.0,488.0,EBS only,unsupported,5.12,5.8112,8.064,2.2118,2.903,5.1558
g6e.16xlarge,g6e,GPU instance,ap-northeast-2,1.0,nitro,x86_64,AMD,AMD EPYC 7R13 Processor,64.0,512.0,1 x 1900 GB NVMe SSD,supported,9.3157,10.0069,12.2598,4.0244,4.7156,6.9684
i4i.16xlarge,i4i,Storage optimized,ap-northeast-2,1.0,nitro,x86_64,Intel,Intel Xeon 8375C (Ice Lake),64.0,512.0,4 x 3750 NVMe SSD,supported,6.442,7.133,9.386,2.976,3.667,5.92
r5.16xlarge,r5,Memory optimized,ap-northeast-2,1.0,nitro,x86_64,Intel,Intel Xeon Platinum 8175,64.0,512.0,EBS only,supported,4.864,5.555,7.808,2.101,2.792,5.045
r5a.16xlarge,r5a,Memory optimized,ap-northeast-2,1.0,nitro,x86_64,AMD,AMD EPYC 7571,64.0,512.0,EBS only,supported,4.352,5.043,7.296,1.88,2.571,4.824
r5ad.16xlarge,r5ad,Memory optimized,ap-northeast-2,1.0,nitro,x86_64,AMD,AMD EPYC 7571,64.0,512.0,4 x 600 NVMe SSD,supported,5.056,5.747,8.0,2.184,2.875,5.128
r5b.16xlarge,r5b,Memory optimized,ap-northeast-2,1.0,nitro,x86_64,Intel,Intel Xeon Platinum 8259 (Cascade Lake),64.0,512.0,EBS only,supported,5.696,6.3872,8.64,2.3622,3.0534,5.3062
r5d.16xlarge,r5d,Memory optimized,ap-northeast-2,1.0,nitro,x86_64,Intel,Intel Xeon Platinum 8175,64.0,512.0,4 x 600 NVMe SSD,supported,5.536,6.227,8.48,2.392,3.083,5.336
r5dn.16xlarge,r5dn,Memory optimized,ap-northeast-2,1.0,nitro,x86_64,Intel,Intel Xeon Platinum 8259 (Cascade Lake),64.0,512.0,4 x 600 NVMe SSD,supported,6.368,7.0592,9.312,2.6547,3.3459,5.5987
r5n.16xlarge,r5n,Memory optimized,ap-northeast-2,1.0,nitro,x86_64,Intel,Intel Xeon Platinum 8259 (Cascade Lake),64.0,512.0,EBS only,supported,5.696,6.387,8.64,2.362,3.053,5.306
r6g.16xlarge,r6g,Memory optimized,ap-northeast-2,1.0,nitro,arm64,AWS,AWS Graviton2 Processor,64.0,512.0,EBS only,supported,3.904,4.5952,,1.6933,2.3845,
r6g.metal,r6g,Memory optimized,ap-northeast-2,1.0,,arm64,AWS,AWS Graviton2 Processor,64.0,512.0,EBS only,unsupported,3.904,4.5952,,1.6933,2.3845,
r6gd.16xlarge,r6gd,Memory optimized,ap-northeast-2,1.0,nitro,arm64,AWS,AWS Graviton2 Processor,64.0,512.0,2 x 1900 NVMe SSD,supported,4.4288,5.12,,1.9132,2.6044,
r6gd.metal,r6gd,Memory optimized,ap-northeast-2,1.0,,arm64,AWS,AWS Graviton2 Processor,64.0,512.0,2 x 1900 NVMe SSD,unsupported,4.4288,5.12,,1.9132,2.6044,
r6i.16xlarge,r6i,Memory optimized,ap-northeast-2,1.0,nitro,x86_64,Intel,Intel Xeon 8375C (Ice Lake),64.0,512.0,EBS only,supported,4.864,5.5552,7.808,2.2136,2.9048,5.1576
r6id.16xlarge,r6id,Memory optimized,ap-northeast-2,1.0,nitro,x86_64,Intel,Intel Xeon 8375C (Ice Lake),64.0,512.0,2 x 1900 NVMe SSD,supported,5.8144,6.5056,8.7584,2.5118,3.203,5.4558
r7g.16xlarge,r7g,Memory optimized,ap-northeast-2,1.0,nitro,arm64,AWS,AWS Graviton3 Processor,64.0,512.0,EBS only,supported,4.1344,4.8256,,1.8816,2.5728,
r7g.metal,r7g,Memory optimized,ap-northeast-2,1.0,,arm64,AWS,AWS Graviton3 Processor,64.0,512.0,EBS only,unsupported,4.1344,4.8256,,1.8816,2.5728,
r7i.16xlarge,r7i,Memory optimized,ap-northeast-2,1.0,nitro,x86_64,Intel,Intel Xeon Scalable (Sapphire Rapids),64.0,512.0,EBS only,unsupported,5.1072,5.7984,8.0512,2.3242,3.0154,5.2682
x1.16xlarge,x1,Memory optimized,ap-northeast-2,1.0,xen,x86_64,Intel,High Frequency Intel Xeon E7-8880 v3 (Haswell),64.0,976.0,1 x 1920 SSD,unsupported,9.671,10.362,12.615,3.109,3.8,6.053
x2idn.16xlarge,x2idn,Memory optimized,ap-northeast-2,1.0,nitro,x86_64,Intel,Intel Xeon Scalable (Icelake),64.0,1024.0,1 x 1900 NVMe SSD,supported,9.6705,10.3617,12.6145,3.1019,3.7931,6.0459
x1e.16xlarge,x1e,Memory optimized,ap-northeast-2,1.0,xen,x86_64,Intel,High Frequency Intel Xeon E7-8880 v3 (Haswell),64.0,1952.0,1 x 1920 SSD,unsupported,19.344,20.035,22.288,6.219,6.91,9.163
x2iedn.16xlarge,x2iedn,Memory optimized,ap-northeast-2,1.0,nitro,x86_64,Intel,Intel Xeon Scalable (Icelake),64.0,2048.0,1 x 1900 NVMe SSD,supported,19.341,20.0322,22.285,6.2038,6.895,9.1478
c5.18xlarge,c,Compute optimized,ap-northeast-2,1.0,nitro,x86_64,Intel,Intel Xeon Platinum 8124M,72.0,144.0,EBS only,supported,3.456,4.234,6.768,1.493,2.271,4.805
c5d.18xlarge,c,Compute optimized,ap-northeast-2,1.0,nitro,x86_64,Intel,Intel Xeon Platinum 8124M,72.0,144.0,2 x 900 NVMe SSD,supported,3.96,4.738,7.272,1.711,2.488,5.023
c5n.18xlarge,c,Compute optimized,ap-northeast-2,1.0,nitro,x86_64,Intel,Intel Xeon Platinum 8124M,72.0,192.0,EBS only,supported,4.392,5.17,7.704,1.855,2.632,5.167
c5n.metal,c,Compute optimized,ap-northeast-2,1.0,,x86_64,Intel,Intel Xeon Platinum 8124M,72.0,192.0,EBS only,unsupported,4.392,5.17,7.704,1.855,2.632,5.167
i3.metal,i3,Storage optimized,ap-northeast-2,1.0,,x86_64,Intel,Intel Xeon E5-2686 v4 (Broadwell),72.0,512.0,8 x 1900 NVMe SSD,unsupported,5.856,6.634,8.8,2.834,3.612,5.778
c5.24xlarge,c,Compute optimized,ap-northeast-2,1.0,nitro,x86_64,Intel,Intel Xeon Platinum 8275L,96.0,192.0,EBS only,supported,4.608,5.645,9.024,1.991,3.027,6.407
c5.metal,c,Compute optimized,ap-northeast-2,1.0,,x86_64,Intel,Intel Xeon Platinum 8275L,96.0,192.0,EBS only,unsupported,4.608,5.645,9.024,1.991,3.027,6.407
c5a.24xlarge,c,Compute optimized,ap-northeast-2,1.0,nitro,x86_64,AMD,AMD EPYC 7R32,96.0,192.0,EBS only,supported,4.128,5.165,8.544,1.783,2.82,6.199
c5d.24xlarge,c,Compute optimized,ap-northeast-2,1.0,nitro,x86_64,Intel,Intel Xeon Platinum 8275L,96.0,192.0,4 x 900 NVMe SSD,supported,5.28,6.317,9.696,2.281,3.318,6.697
c5d.metal,c,Compute optimized,ap-northeast-2,1.0,,x86_64,Intel,Intel Xeon Platinum 8275L,96.0,192.0,4 x 900 NVMe SSD,unsupported,5.28,6.317,9.696,2.281,3.318,6.697
c6i.24xlarge,c,Compute optimized,ap-northeast-2,1.0,nitro,x86_64,Intel,Intel Xeon 8375C (Ice Lake),96.0,192.0,EBS only,supported,4.608,5.6448,9.024,2.0943,3.1311,6.5103
c6id.24xlarge,c,Compute optimized,ap-northeast-2,1.0,nitro,x86_64,Intel,Intel Xeon 8375C (Ice Lake),96.0,192.0,4 x 1425 NVMe SSD,supported,5.544,6.5808,9.96,2.395,3.4318,6.811
c6in.24xlarge,c,Compute optimized,ap-northeast-2,1.0,nitro,x86_64,Intel,Intel Xeon 8375C (Ice Lake),96.0,192.0,EBS only,supported,6.1488,7.1856,10.5648,2.5958,3.6326,7.0118
c7i.24xlarge,c,Compute optimized,ap-northeast-2,1.0,nitro,x86_64,Intel,Intel Xeon Scalable (Sapphire Rapids),96.0,192.0,EBS only,unsupported,4.8384,5.8752,9.2544,2.199,3.2358,6.615
c7i.metal-24xl,c,Compute optimized,ap-northeast-2,1.0,,x86_64,Intel,Intel Xeon Scalable (Sapphire Rapids),96.0,192.0,EBS only,unsupported,4.8384,5.8752,9.2544,2.199,3.2358,6.615
inf1.24xlarge,inf1,Machine Learning ASIC Instances,ap-northeast-2,1.0,nitro,x86_64,Intel,Intel Xeon Platinum 8275CL (Cascade Lake),96.0,192.0,EBS only,supported,5.812,6.849,,2.793,3.83,
g4dn.metal,g4dn,GPU instance,ap-northeast-2,1.0,,x86_64,Intel,Intel Xeon Family,96.0,384.0,2 x 900 GB NVMe SSD,unsupported,9.624,10.661,14.04,4.157,5.194,8.573
g5.24xlarge,g5,GPU instance,ap-northeast-2,1.0,nitro,x86_64,AMD,AMD EPYC 7R32,96.0,384.0,1 x 3800 GB NVMe SSD,supported,10.014,11.0508,14.43,4.3261,5.3629,8.7421
g6.24xlarge,g6,GPU instance,ap-northeast-2,1.0,nitro,x86_64,AMD,AMD EPYC 7R13 Processor,96.0,384.0,4 X 940 GB NVMe SSD,supported,8.208,9.2448,12.624,3.7675,4.8043,8.1835
m5.24xlarge,m5,General purpose,ap-northeast-2,1.0,nitro,x86_64,Intel,Intel Xeon Platinum 8175,96.0,384.0,EBS only,supported,5.664,6.701,10.08,2.447,3.484,6.863
m5.metal,m5,General purpose,ap-northeast-2,1.0,,x86_64,Intel,Intel Xeon Platinum 8175,96.0,384.0,EBS only,unsupported,5.664,6.701,10.08,2.447,3.484,6.863
m5a.24xlarge,m5a,General purpose,ap-northeast-2,1.0,nitro,x86_64,AMD,AMD EPYC 7571,96.0,384.0,EBS only,supported,5.088,6.125,9.504,2.198,3.235,6.614
m5ad.24xlarge,m5ad,General purpose,ap-northeast-2,1.0,nitro,x86_64,AMD,AMD EPYC 7571,96.0,384.0,4 x 900 NVMe SSD,supported,6.096,7.133,10.512,2.633,3.67,7.049
m5d.24xlarge,m5d,General purpose,ap-northeast-2,1.0,nitro,x86_64,Intel,Intel Xeon Platinum 8175,96.0,384.0,4 x 900 NVMe SSD,supported,6.672,7.709,11.088,2.882,3.919,7.298
m5d.metal,m5d,General purpose,ap-northeast-2,1.0,,x86_64,Intel,Intel Xeon Platinum 8175,96.0,384.0,4 x 900 NVMe SSD,unsupported,6.672,7.709,11.088,2.882,3.919,7.298
m6i.24xlarge,m6i,General purpose,ap-northeast-2,1.0,nitro,x86_64,Intel,Intel Xeon 8375C (Ice Lake),96.0,384.0,EBS only,supported,5.664,6.7008,10.08,2.5583,3.5951,6.9743
m6id.24xlarge,m6id,General purpose,ap-northeast-2,1.0,nitro,x86_64,Intel,Intel Xeon 8375C (Ice Lake),96.0,384.0,4 x 1425 NVMe SSD,supported,7.0056,8.0424,11.4216,3.0264,4.0632,7.4424
m7i.24xlarge,m7i,General purpose,ap-northeast-2,1.0,nitro,x86_64,Intel,Intel Xeon Scalable (Sapphire Rapids),96.0,384.0,EBS only,unsupported,5.9472,6.984,10.3632,2.6862,3.723,7.1022
m7i.metal-24xl,m7i,General purpose,ap-northeast-2,1.0,,x86_64,Intel,Intel Xeon Scalable (Sapphire Rapids),96.0,384.0,EBS only,unsupported,5.9472,6.984,10.3632,2.6862,3.723,7.1022
g6e.24xlarge,g6e,GPU instance,ap-northeast-2,1.0,nitro,x86_64,AMD,AMD EPYC 7R13 Processor,96.0,768.0,2 x 1900 GB NVMe SSD,supported,18.5223,19.5591,22.9383,8.0016,9.0384,12.4177
i3en.24xlarge,i3en,Storage optimized,ap-northeast-2,1.0,nitro,x86_64,Intel,Intel Xeon Platinum 8175,96.0,768.0,8 x 7500 NVMe SSD,supported,12.768,13.805,17.184,5.551,6.588,9.967
i3en.metal,i3en,Storage optimized,ap-northeast-2,1.0,,x86_64,Intel,Intel Xeon Platinum 8175,96.0,768.0,8 x 7500 NVMe SSD,unsupported,12.768,13.805,17.184,5.551,6.588,9.967
i4i.24xlarge,i4i,Storage optimized,ap-northeast-2,1.0,nitro,x86_64,Intel,Intel Xeon 8375C (Ice Lake),96.0,768.0,6 x 3750 NVMe SSD,supported,9.6624,10.6992,14.0784,4.4634,5.5002,8.8794
r5.24xlarge,r5,Memory optimized,ap-northeast-2,1.0,nitro,x86_64,Intel,Intel Xeon Platinum 8175,96.0,768.0,EBS only,supported,7.296,8.333,11.712,3.152,4.189,7.568
r5.metal,r5,Memory optimized,ap-northeast-2,1.0,,x86_64,Intel,Intel Xeon Platinum 8175,96.0,768.0,EBS only,unsupported,7.296,8.333,11.712,3.152,4.189,7.568
r5a.24xlarge,r5a,Memory optimized,ap-northeast-2,1.0,nitro,x86_64,AMD,AMD EPYC 7571,96.0,768.0,EBS only,supported,6.528,7.565,10.944,2.82,3.857,7.236
r5ad.24xlarge,r5ad,Memory optimized,ap-northeast-2,1.0,nitro,x86_64,AMD,AMD EPYC 7571,96.0,768.0,4 x 900 NVMe SSD,supported,7.584,8.621,12.0,3.276,4.313,7.692
r5b.24xlarge,r5b,Memory optimized,ap-northeast-2,1.0,nitro,x86_64,Intel,Intel Xeon Platinum 8259 (Cascade Lake),96.0,768.0,EBS only,supported,8.544,9.5808,12.96,3.5434,4.5802,7.9594
r5b.metal,r5b,Memory optimized,ap-northeast-2,1.0,,x86_64,Intel,Intel Xeon Platinum 8259 (Cascade Lake),96.0,768.0,EBS only,unsupported,8.544,9.5808,12.96,3.5434,4.5802,7.9594
r5d.24xlarge,r5d,Memory optimized,ap-northeast-2,1.0,nitro,x86_64,Intel,Intel Xeon Platinum 8175,96.0,768.0,4 x 900 NVMe SSD,supported,8.304,9.341,12.72,3.587,4.624,8.003
r5d.metal,r5d,Memory optimized,ap-northeast-2,1.0,,x86_64,Intel,Intel Xeon Platinum 8175,96.0,768.0,4 x 900 NVMe SSD,unsupported,8.304,9.341,12.72,3.587,4.624,8.003
r5dn.24xlarge,r5dn,Memory optimized,ap-northeast-2,1.0,nitro,x86_64,Intel,Intel Xeon Platinum 8259 (Cascade Lake),96.0,768.0,4 x 900 NVMe SSD,supported,9.552,10.5888,13.968,3.982,5.0188,8.398
r5dn.metal,r5dn,Memory optimized,ap-northeast-2,1.0,,x86_64,Intel,Intel Xeon Platinum 8259 (Cascade Lake),96.0,768.0,4 x 900 NVMe SSD,unsupported,9.552,10.5888,13.968,3.982,5.0188,8.398
r5n.24xlarge,r5n,Memory optimized,ap-northeast-2,1.0,nitro,x86_64,Intel,Intel Xeon Platinum 8259 (Cascade Lake),96.0,768.0,EBS only,supported,8.544,9.581,12.96,3.543,4.58,7.959
r5n.metal,r5n,Memory optimized,ap-northeast-2,1.0,,x86_64,Intel,Intel Xeon Platinum 8259 (Cascade Lake),96.0,768.0,EBS only,unsupported,8.544,9.581,12.96,3.543,4.58,7.959
r6i.24xlarge,r6i,Memory optimized,ap-northeast-2,1.0,nitro,x86_64,Intel,Intel Xeon 8375C (Ice Lake),96.0,768.0,EBS only,supported,7.296,8.3328,11.712,3.3203,4.3571,7.7363
r6id.24xlarge,r6id,Memory optimized,ap-northeast-2,1.0,nitro,x86_64,Intel,Intel Xeon 8375C (Ice Lake),96.0,768.0,4 x 1425 NVMe SSD,supported,8.7216,9.7584,13.1376,3.7677,4.8045,8.1837
r7i.24xlarge,r7i,Memory optimized,ap-northeast-2,1.0,nitro,x86_64,Intel,Intel Xeon Scalable (Sapphire Rapids),96.0,768.0,EBS only,unsupported,7.6608,8.6976,12.0768,3.4864,4.5232,7.9024
r7i.metal-24xl,r7i,Memory optimized,ap-northeast-2,1.0,,x86_64,Intel,Intel Xeon Scalable (Sapphire Rapids),96.0,768.0,EBS only,unsupported,7.6608,8.6976,12.0768,3.4864,4.5232,7.9024
p4d.24xlarge,p4d,GPU instance,ap-northeast-2,1.0,nitro,x86_64,Intel,Intel Xeon Platinum 8275L,96.0,1152.0,8 x 1000 SSD,supported,30.4103,31.4471,,15.9399,16.9767,
x2idn.24xlarge,x2idn,Memory optimized,ap-northeast-2,1.0,nitro,x86_64,Intel,Intel Xeon Scalable (Icelake),96.0,1536.0,2 x 1425 NVMe SSD,supported,14.5058,15.5426,18.9217,4.6529,5.6897,9.0689
x2iedn.24xlarge,x2iedn,Memory optimized,ap-northeast-2,1.0,nitro,x86_64,Intel,Intel Xeon Scalable (Icelake),96.0,3072.0,2 x 1425 NVMe SSD,supported,29.0115,30.0483,33.4275,9.3057,10.3425,13.7217
c6i.32xlarge,c,Compute optimized,ap-northeast-2,1.0,nitro,x86_64,Intel,Intel Xeon 8375C (Ice Lake),128.0,256.0,EBS only,supported,6.144,7.3728,12.032,2.7925,4.0213,8.6805
c6i.metal,c,Compute optimized,ap-northeast-2,1.0,,x86_64,Intel,Intel Xeon 8375C (Ice Lake),128.0,256.0,EBS only,unsupported,6.144,7.3728,12.032,2.7925,4.0213,8.6805
c6id.32xlarge,c,Compute optimized,ap-northeast-2,1.0,nitro,x86_64,Intel,Intel Xeon 8375C (Ice Lake),128.0,256.0,4 x 1900 NVMe SSD,supported,7.392,8.6208,13.28,3.1933,4.4221,9.0813
c6id.metal,c,Compute optimized,ap-northeast-2,1.0,,x86_64,Intel,Intel Xeon 8375C (Ice Lake),128.0,256.0,4 x 1900 NVMe SSD,unsupported,7.392,8.6208,13.28,3.1933,4.4221,9.0813
c6in.32xlarge,c,Compute optimized,ap-northeast-2,1.0,nitro,x86_64,Intel,Intel Xeon 8375C (Ice Lake),128.0,256.0,EBS only,supported,8.1984,9.4272,14.0864,3.4611,4.6899,9.3491
c6in.metal,c,Compute optimized,ap-northeast-2,1.0,,x86_64,Intel,Intel Xeon 8375C (Ice Lake),128.0,256.0,EBS only,unsupported,8.1984,9.4272,14.0864,3.4611,4.6899,9.3491
m6i.32xlarge,m6i,General purpose,ap-northeast-2,1.0,nitro,x86_64,Intel,Intel Xeon 8375C (Ice Lake),128.0,512.0,EBS only,supported,7.552,8.7808,13.44,3.4111,4.6399,9.2991
m6i.metal,m6i,General purpose,ap-northeast-2,1.0,,x86_64,Intel,Intel Xeon 8375C (Ice Lake),128.0,512.0,EBS only,unsupported,7.552,8.7808,13.44,3.4111,4.6399,9.2991
m6id.32xlarge,m6id,General purpose,ap-northeast-2,1.0,nitro,x86_64,Intel,Intel Xeon 8375C (Ice Lake),128.0,512.0,4 x 1900 NVMe SSD,supported,9.3408,10.5696,15.2288,4.0352,5.264,9.9232
m6id.metal,m6id,General purpose,ap-northeast-2,1.0,,x86_64,Intel,Intel Xeon 8375C (Ice Lake),128.0,512.0,4 x 1900 NVMe SSD,unsupported,9.3408,10.5696,15.2288,4.0352,5.264,9.9232
i4i.32xlarge,i4i,Storage optimized,ap-northeast-2,1.0,nitro,x86_64,Intel,Intel Xeon 8375C (Ice Lake),128.0,1024.0,8 x 3750 SSD,supported,12.8832,14.112,18.7712,5.9512,7.18,11.8392
i4i.metal,i4i,Storage optimized,ap-northeast-2,1.0,,x86_64,Intel,Intel Xeon 8375C (Ice Lake),128.0,1024.0,8 x 3750 NVMe SSD,unsupported,12.883,14.112,18.771,5.951,7.18,11.839
r6i.32xlarge,r6i,Memory optimized,ap-northeast-2,1.0,nitro,x86_64,Intel,Intel Xeon 8375C (Ice Lake),128.0,1024.0,EBS only,supported,9.728,10.9568,15.616,4.4271,5.6559,10.3151
r6i.metal,r6i,Memory optimized,ap-northeast-2,1.0,,x86_64,Intel,Intel Xeon 8375C (Ice Lake),128.0,1024.0,EBS only,unsupported,9.728,10.9568,15.616,4.4271,5.6559,10.3151
r6id.32xlarge,r6id,Memory optimized,ap-northeast-2,1.0,nitro,x86_64,Intel,Intel Xeon 8375C (Ice Lake),128.0,1024.0,4 x 1900 NVMe SSD,supported,11.6288,12.8576,17.5168,5.0236,6.2524,10.9116
r6id.metal,r6id,Memory optimized,ap-northeast-2,1.0,,x86_64,Intel,Intel Xeon 8375C (Ice Lake),128.0,1024.0,4 x 1900 NVMe SSD,unsupported,11.6288,12.8576,17.5168,5.0236,6.2524,10.9116
x1.32xlarge,x1,Memory optimized,ap-northeast-2,1.0,xen,x86_64,Intel,High Frequency Intel Xeon E7-8880 v3 (Haswell),128.0,1952.0,2 x 1920 SSD,unsupported,19.341,20.571,25.229,6.219,7.447,12.107
x2idn.32xlarge,x2idn,Memory optimized,ap-northeast-2,1.0,nitro,x86_64,Intel,Intel Xeon Scalable (Icelake),128.0,2048.0,2 x 1900 NVMe SSD,supported,19.341,20.5698,25.229,6.2038,7.4326,12.0918
x2idn.metal,x2idn,Memory optimized,ap-northeast-2,1.0,,x86_64,Intel,Intel Xeon Scalable (Icelake),128.0,2048.0,2 x 1900 NVMe SSD,unsupported,19.341,20.5698,25.229,6.2038,7.4326,12.0918
x1e.32xlarge,x1e,Memory optimized,ap-northeast-2,1.0,xen,x86_64,Intel,High Frequency Intel Xeon E7-8880 v3 (Haswell),128.0,3904.0,2 x 1920 SSD,unsupported,38.688,39.917,44.576,12.437,13.666,18.325
x2iedn.32xlarge,x2iedn,Memory optimized,ap-northeast-2,1.0,nitro,x86_64,Intel,Intel Xeon Scalable (Icelake),128.0,4096.0,2 x 1900 NVMe SSD,supported,38.682,39.9108,44.57,12.4076,13.6364,18.2956
x2iedn.metal,x2iedn,Memory optimized,ap-northeast-2,1.0,,x86_64,Intel,Intel Xeon Scalable (Icelake),128.0,4096.0,2 x 1900 NVMe SSD,unsupported,38.682,39.9108,44.57,12.4076,13.6364,18.2956
c7i.48xlarge,c,Compute optimized,ap-northeast-2,1.0,nitro,x86_64,Intel,Intel Xeon Scalable (Sapphire Rapids),192.0,384.0,EBS only,unsupported,9.6768,11.52,18.5088,4.3981,6.2413,13.2301
c7i.metal-48xl,c,Compute optimized,ap-northeast-2,1.0,,x86_64,Intel,Intel Xeon Scalable (Sapphire Rapids),192.0,384.0,EBS only,unsupported,9.6768,11.52,18.5088,4.3981,6.2413,13.2301
g5.48xlarge,g5,GPU instance,ap-northeast-2,1.0,nitro,x86_64,AMD,AMD EPYC 7R32,192.0,768.0,2 x 3800 GB NVMe SSD,supported,20.0281,21.8713,28.8601,8.6521,10.4953,17.4841
g6.48xlarge,g6,GPU instance,ap-northeast-2,1.0,nitro,x86_64,AMD,AMD EPYC 7R13 Processor,192.0,768.0,8 x 940 NVMe SSD,supported,16.4159,18.2592,25.2479,7.5349,9.3781,16.3669
m7i.48xlarge,m7i,General purpose,ap-northeast-2,1.0,nitro,x86_64,Intel,Intel Xeon Scalable (Sapphire Rapids),192.0,768.0,EBS only,unsupported,11.8944,13.7376,20.7264,5.3724,7.2156,14.2044
m7i.metal-48xl,m7i,General purpose,ap-northeast-2,1.0,,x86_64,Intel,Intel Xeon Scalable (Sapphire Rapids),192.0,768.0,EBS only,unsupported,11.8944,13.7376,20.7264,5.3724,7.2156,14.2044
g6e.48xlarge,g6e,GPU instance,ap-northeast-2,1.0,nitro,x86_64,AMD,AMD EPYC 7R13 Processor,192.0,1536.0,4 x 1900 GB NVMe SSD,supported,37.0447,38.8879,45.8767,16.0033,17.8465,24.8353
r7i.48xlarge,r7i,Memory optimized,ap-northeast-2,1.0,nitro,x86_64,Intel,Intel Xeon Scalable (Sapphire Rapids),192.0,1536.0,EBS only,unsupported,15.3216,17.1648,24.1536,6.9727,8.8159,15.8047
r7i.metal-48xl,r7i,Memory optimized,ap-northeast-2,1.0,,x86_64,Intel,Intel Xeon Scalable (Sapphire Rapids),192.0,1536.0,EBS only,unsupported,15.3216,17.1648,24.1536,6.9727,8.8159,15.8047
p5en.48xlarge,p5en,GPU instance,ap-northeast-2,1.0,nitro,x86_64,Intel,Intel Xeon Scalable (Sapphire Rapids),192.0,2048.0,8 x 3840 NVMe SSD,supported,0.0,1.8432,,,,
u-6tb1.56xlarge,u-6tb1,Memory optimized,ap-northeast-2,1.0,nitro,x86_64,Intel,Intel Xeon Scalable (Skylake),224.0,6144.0,EBS only,unsupported,55.9796,58.13,66.2836,17.9862,20.1366,28.2903
u-6tb1.112xlarge,u-6tb1,Memory optimized,ap-northeast-2,1.0,nitro,x86_64,Intel,Intel Xeon Scalable (Skylake),448.0,6144.0,EBS only,unsupported,65.867,70.1678,86.475,21.1631,25.4639,41.7711
u7i-6tb.112xlarge,u7i-6tb,Memory optimized,ap-northeast-2,1.0,nitro,x86_64,Intel,Intel Xeon Scalable (Sapphire Rapids),448.0,6144.0,EBS only,unsupported,75.7471,80.0478,96.3551,,,
u7i-8tb.112xlarge,u7i-8tb,Memory optimized,ap-northeast-2,1.0,nitro,x86_64,Intel,Intel Xeon Scalable (Sapphire Rapids),448.0,8192.0,EBS only,unsupported,100.9961,105.2969,121.6041,,,
u-9tb1.112xlarge,u-9tb1,Memory optimized,ap-northeast-2,1.0,nitro,x86_64,Intel,Intel Xeon Scalable (Skylake),448.0,9216.0,EBS only,unsupported,98.8,103.1008,119.408,31.7978,36.0986,52.4058
u-12tb1.112xlarge,u-12tb1,Memory optimized,ap-northeast-2,1.0,nitro,x86_64,Intel,Intel Xeon Scalable (Skylake),448.0,12288.0,EBS only,unsupported,131.733,136.0338,152.341,42.3969,46.6977,63.005
u-24tb1.112xlarge,u-24tb1,Memory optimized,ap-northeast-2,1.0,nitro,x86_64,Intel,Intel Xeon Platinum 8280L (Cascade Lake),448.0,24576.0,EBS only,unsupported,263.47,267.7708,284.078,84.6529,88.9537,105.2609
u7in-16tb.224xlarge,u7in-16tb,Memory optimized,ap-northeast-2,1.0,nitro,x86_64,Intel,Intel Xeon Scalable (Sapphire Rapids),896.0,16384.0,EBS only,unsupported,217.7164,226.318,258.9324,69.9523,78.5539,111.1683
